# Частотный список лемм (es), 7000 самых частых. Построен scripts/build-freq.ts.
# Частоты: FrequencyWords (OpenSubtitles 2018), CC BY-SA 4.0. Лемматизация: lemmatization-lists, ODbL.
# Колонки: ранг, лемма, частота, ? — леммы нет в словаре лемм (служебное слово, имя или иностранное).
1	el	27768886	?
2	de	16107392	?
3	ser	14619472	
4	que	14421005	?
5	no	13246473	
6	a	11099135	
7	uno	10096514	?
8	estar	7610799	
9	y	7128745	?
10	en	6817324	?
11	haber	5203040	
12	tener	4662336	
13	por	4454673	?
14	qué	4166708	?
15	ir	4143709	
16	hacer	4106733	
17	me	3927712	?
18	este	3726583	
19	poder	3602242	
20	ese	3578114	
21	decir	3060013	
22	se	3058120	?
23	te	3034375	?
24	con	3028045	?
25	para	2832100	?
26	mi	2789002	
27	su	2567599	
28	querer	2491538	
29	todo	2422481	
30	pero	2370373	
31	sí	2350514	
32	si	2349172	
33	bien	2051444	
34	ver	2022402	
35	yo	1915934	?
36	tu	1890423	
37	él	1821899	
38	bueno	1743380	
39	saber	1736049	
40	como	1630651	?
41	aquí	1625090	?
42	tú	1551091	
43	más	1503527	?
44	solo	1449150	?
45	le	1432173	?
46	creer	1334692	
47	ya	1115265	?
48	pasar	1108236	
49	ahora	1088174	?
50	muy	1086248	?
51	dar	1084270	
52	así	1050332	
53	algo	1039192	?
54	sentir	968857	
55	o	966726	
56	vez	962983	
57	cuando	931329	?
58	dejar	867246	
59	nada	864187	
60	cómo	862349	?
61	hablar	856584	
62	deber	855767	
63	otro	837642	
64	venir	826887	
65	mucho	821044	
66	gracia	795585	
67	pensar	792879	
68	esperar	779696	
69	cosa	693855	
70	volver	691576	
71	señor	689640	
72	porque	685059	?
73	necesitar	678346	
74	nuestro	662921	
75	día	638134	
76	hombre	611731	
77	entonces	609938	?
78	casa	608025	
79	hola	601523	?
80	verdad	590977	
81	encontrar	590774	
82	quién	589497	
83	alguno	585497	
84	tiempo	583571	
85	chico	577694	
86	tan	573916	?
87	llevar	572302	
88	gustar	563853	
89	poner	557682	
90	dos	556427	
91	parecer	551389	
92	nunca	549997	?
93	mejor	547987	
94	dónde	539643	?
95	año	537457	
96	llamar	534960	
97	oh	532776	?
98	favor	530966	
99	mí	515655	?
100	noche	500670	
101	dios	495630	
102	ayudar	492479	
103	amigo	491751	
104	mismo	491071	
105	vida	489126	
106	también	488057	?
107	hijo	486519	
108	morir	481816	
109	sobre	479034	?
110	sin	474770	?
111	ti	470358	?
112	conocer	463979	
113	llegar	458677	
114	salir	454765	
115	alguien	447141	?
116	seguir	444043	
117	poco	440650	
118	oír	437835	
119	padre	435906	
120	siempre	424363	?
121	hasta	423321	?
122	ahí	422871	?
123	tomar	422067	
124	antes	405555	?
125	ni	401980	?
126	quedar	399623	
127	matar	397341	
128	nosotros	379354	
129	seguro	377742	
130	trabajo	375609	
131	entender	374825	
132	ellos	370784	
133	acuerdo	368906	
134	suponer	366360	
135	mira	361854	
136	gente	355898	
137	mujer	349163	
138	nadie	339772	
139	tratar	334765	
140	debe	333035	
141	niño	324829	
142	tal	322852	
143	mirar	318316	
144	momento	316668	
145	nuevo	316624	
146	acabar	315186	
147	hora	313530	
148	perder	311940	
149	después	311500	?
150	problema	310101	
151	desde	303620	?
152	mundo	303249	
153	claro	302527	
154	lugar	301320	
155	dinero	300518	
156	tipo	299043	
157	comer	294761	
158	les	294439	?
159	mío	294428	
160	hermano	293396	
161	vivir	292381	
162	trabajar	291186	
163	madre	289910	
164	mañana	287192	
165	buscar	287114	
166	intentar	285070	
167	vale	282357	
168	persona	278930	
169	donde	277524	?
170	escuchar	275296	
171	parte	268293	
172	allí	267215	?
173	menos	263837	?
174	importar	263750	
175	pedir	261846	
176	gran	257648	?
177	ninguno	256864	
178	tanto	256323	
179	entrar	253240	
180	aun	252037	
181	usar	249277	
182	mamá	249217	
183	traer	247971	
184	nombre	247112	
185	empezar	247052	
186	luego	245811	?
187	papá	245646	
188	conseguir	244222	
189	hoy	240395	?
190	tres	239782	
191	preocupar	235527	
192	1	235436	
193	vosotros	228841	
194	mano	227586	
195	conmigo	224527	?
196	preguntar	224068	
197	terminar	223921	
198	listo	222349	
199	último	222207	
200	mal	221267	
201	pequeño	219882	
202	realmente	217847	
203	cierto	217841	
204	razón	216733	
205	serio	215787	
206	idea	215172	
207	tarde	211102	
208	cada	209674	?
209	quien	208216	
210	demasiado	205177	
211	olvidar	204748	
212	contigo	202208	?
213	cuidar	201422	
214	único	201167	
215	cambiar	200009	
216	policía	197336	
217	minuto	197241	
218	recordar	196976	
219	semana	194855	
220	ganar	194323	
221	malo	193653	
222	cualquiera	193606	
223	eh	193299	?
224	cuenta	192829	
225	familia	192084	
226	cuánto	186301	
227	amor	183979	
228	abrir	183575	
229	forma	182173	
230	junto	182166	
231	entre	181114	?
232	ve	179427	
233	tío	179252	
234	dormir	178656	
235	viejo	177179	
236	contar	177175	
237	sacar	176747	
238	loco	175689	
239	segundo	172920	
240	grande	172243	
241	primero	170315	
242	caso	167430	
243	regresar	167388	
244	todavía	166624	?
245	cabeza	166610	
246	lado	165638	
247	maldito	163133	
248	durar	159557	
249	significar	159393	
250	leer	158670	
251	historia	156656	
252	ah	156002	?
253	pagar	155984	
254	comprar	155901	
255	salvar	155302	
256	puerta	154899	
257	mantener	153883	
258	cariño	153806	
259	rápido	153762	
260	jugar	152665	
261	pregunta	152122	
262	genial	150930	
263	manera	150499	
264	mientras	150383	?
265	cuál	149867	
266	feliz	147970	
267	camino	147472	
268	suceder	146718	
269	pues	143870	?
270	adiós	143677	
271	ojo	142361	
272	probar	142188	
273	contra	141064	
274	encantar	140917	
275	quizá	140794	?
276	mover	140776	
277	enviar	140775	
278	escribir	139649	
279	ocurrir	139461	
280	caer	139054	
281	llama	138833	
282	mes	137710	
283	palabra	136679	
284	meter	136094	
285	arma	135759	
286	importante	135521	
287	jefe	135404	
288	nueva	134490	
289	beber	134208	
290	ciudad	134170	
291	dentro	133954	?
292	casi	133614	?
293	tocar	132151	
294	funcionar	130136	
295	hacia	130000	?
296	acercar	129794	
297	propio	129623	
298	quizás	129544	?
299	casar	128883	
300	pronto	128476	
301	muerte	128427	
302	corazón	128181	
303	suerte	127907	
304	doctor	127752	
305	echar	127676	
306	punto	126847	
307	siquiera	126506	
308	esposo	126295	
309	agua	125042	
310	clase	124030	
311	adelantar	123838	
312	comenzar	123618	
313	perro	122629	
314	cara	122582	
315	hey	122432	?
316	bajo	121836	?
317	realidad	121615	
318	miedo	121067	
319	deja	120259	
320	justo	119990	
321	escucha	119426	
322	equipo	118959	
323	correr	118429	
324	suficiente	118336	
325	disculpar	118136	
326	juego	117103	
327	coche	117028	
328	preparar	116243	
329	difícil	116139	
330	mostrar	116139	
331	detener	115534	
332	fin	115394	
333	recibir	115197	
334	cuerpo	114461	
335	cerrar	114197	
336	disparar	114010	
337	coger	113320	
338	bastante	113273	
339	derecho	113201	
340	igual	112960	
341	tierra	112755	
342	cinco	112532	
343	divertir	112168	
344	cerca	111092	
345	romper	109570	
346	número	109021	
347	joven	108919	
348	robar	108397	
349	permitir	107649	
350	fiesta	107059	
351	cuándo	106920	?
352	auto	106829	
353	parar	106805	
354	guerra	106482	
355	perdonar	106458	
356	novio	106222	
357	subir	105851	
358	fuerte	105584	
359	incluso	105304	
360	aunque	104655	?
361	cuatro	103805	
362	mas	103445	
363	decidir	103409	
364	toma	102733	
365	allá	102642	?
366	oportunidad	102344	
367	teléfono	102290	
368	arriba	102254	?
369	convertir	102178	
370	final	101899	
371	prometer	101114	
372	muchacho	100902	
373	mayor	100457	
374	bebé	99937	
375	sangre	99844	
376	medio	99747	
377	luz	99552	
378	extraño	99351	
379	presentar	98535	
380	cortar	98152	
381	levantar	97938	
382	posible	97673	
383	cuanto	97508	
384	ocupar	96731	
385	e	96622	?
386	plan	96470	
387	escuela	96018	
388	diablo	95984	
389	vender	95878	
390	sonar	95873	
391	quitar	94949	
392	habitación	94448	
393	orden	94183	
394	culpa	93284	
395	libro	93048	
396	bailar	92990	
397	confiar	92584	
398	aceptar	92570	
399	atacar	92415	
400	ok	92398	?
401	recuerdo	92249	
402	duro	92237	
403	demonio	92130	
404	capitán	91933	
405	santo	91755	
406	exactamente	91598	
407	cielo	91535	
408	fácil	91488	
409	correcto	91316	
410	abajar	91298	
411	bonito	91240	
412	mentir	91181	
413	modo	90574	
414	queda	90478	
415	alto	90427	
416	foto	90160	
417	habla	90023	
418	callar	89976	
419	volar	89754	
420	negro	89489	
421	negocio	89449	
422	enseñar	89415	
423	andar	89141	
424	atrás	88877	?
425	equivocar	88499	
426	próximo	88307	
427	pie	88288	
428	par	87841	
429	hermoso	87800	
430	idiota	87742	
431	aquel	87288	
432	sentar	87127	
433	imaginar	87007	
434	aprender	86364	
435	soler	86347	
436	blanco	86177	
437	amo	86157	
438	servir	85932	
439	perfecto	85502	
440	raro	85244	
441	película	84980	
442	probablemente	84911	
443	diferente	84500	
444	asegurar	84379	
445	millón	84179	
446	dólar	84132	
447	alegrar	83752	
448	tampoco	83595	?
449	oído	83545	
450	unir	83405	
451	vivo	83319	
452	mil	83136	
453	partir	82799	
454	desear	82782	
455	sueño	82763	
456	calle	82666	
457	noticia	82540	
458	paso	82439	
459	sitio	82262	
460	abuelo	82213	
461	arreglar	81800	
462	amar	81690	
463	médico	81075	
464	simplemente	80350	
465	asunto	80143	
466	oficina	79971	
467	humano	79962	
468	peor	79895	
469	escapar	79472	
470	tranquilo	79377	
471	cama	79288	
472	luchar	79252	
473	lejos	79091	?
474	descubrir	78655	
475	estúpido	78637	
476	explicar	78546	
477	reír	78541	
478	bajar	78539	
479	asesino	78230	
480	seis	77064	
481	lindo	76963	
482	agente	76911	
483	seguridad	76807	
484	especial	76767	
485	asustar	76734	
486	real	76105	
487	marchar	76099	
488	país	75959	
489	señorito	75737	
490	bastar	75586	
491	atrapar	75525	
492	además	75259	
493	rey	75139	
494	tonto	75092	
495	libre	74936	
496	paz	74851	
497	marido	74778	
498	secreto	74494	
499	pueblo	74474	
500	mandar	74207	
501	fuerza	73678	
502	tirar	73618	
503	cambio	73347	
504	elegir	72736	
505	desaparecer	72725	
506	bienvenido	72626	
507	carta	72589	
508	referir	72018	
509	proteger	71400	
510	cual	71293	
511	resto	70948	
512	querido	70766	
513	mensaje	70654	
514	viaje	70527	
515	hospital	70246	
516	john	69978	?
517	increíble	69762	
518	fuego	69725	
519	jurar	69678	
520	música	69241	
521	perdón	68904	
522	anoche	68870	?
523	error	68838	
524	vuestro	68756	
525	caballero	68570	
526	golpear	68473	
527	falta	68428	
528	temer	67806	
529	aforar	67795	
530	presidente	67666	
531	cuarto	67508	
532	abogado	67107	
533	llorar	67034	
534	esconder	66947	
535	ambos	66548	
536	diez	66429	
537	relación	66068	
538	ropa	65963	
539	verdadero	65810	
540	café	65790	
541	aqui	65202	?
542	grupo	64975	
543	largo	64962	
544	existir	64506	
545	aparecer	64263	
546	invitar	63935	
547	daño	63820	
548	compañero	63431	
549	jack	63390	
550	preferir	63264	
551	pobre	63261	
552	general	62835	
553	detrás	62621	?
554	informar	62536	
555	agradecer	62337	
556	oficial	62285	
557	cantar	62213	
558	asesinato	61961	
559	lograr	61797	
560	llamada	61791	
561	tuyo	61721	
562	suyo	61481	
563	información	60931	
564	voz	60788	
565	responder	60645	
566	control	60553	
567	caminar	60347	
568	siguiente	60284	
569	futuro	60234	
570	cita	59434	
571	maravilloso	59257	
572	soltar	59245	
573	respuesta	59202	
574	ayer	59013	
575	demás	58811	?
576	descansar	58780	
577	continuar	58700	
578	encargar	58686	
579	cliente	58622	
580	sistema	58369	
581	campo	58239	
582	frente	58186	
583	conducir	58054	
584	destruir	57933	
585	baño	57929	
586	molestar	57886	
587	enterar	57799	
588	sexo	57746	
589	odio	57630	
590	personal	57496	
591	línea	57199	
592	caja	57096	
593	enfermo	56902	
594	pena	56866	
595	dolor	56790	
596	profesor	56723	
597	atención	56658	
598	devolver	56574	
599	abandonar	56555	
600	ofrecer	56156	
601	canción	56121	
602	boca	56113	
603	encimar	56110	
604	uh	55996	?
605	llave	55951	
606	servicio	55864	
607	papel	55808	
608	ley	55667	
609	mente	55613	
610	caballo	55434	
611	cámara	55327	
612	sino	55136	
613	the	54966	?
614	i	54872	
615	asesinar	54735	
616	considerar	54681	
617	aire	54653	
618	decisión	54600	
619	disculpa	54540	
620	alejar	54459	
621	rojo	54393	
622	merecer	54183	
623	jamás	54158	?
624	cansar	54023	
625	víctima	53930	
626	situación	53890	
627	recoger	53806	
628	frío	53348	
629	obtener	53264	
630	estrella	53203	
631	actuar	53157	
632	sam	53082	?
633	averiguar	53070	
634	despedir	52896	
635	apuesto	52798	
636	tienda	52715	
637	compañía	52564	
638	dirigir	52510	
639	hotel	52451	
640	pelo	52394	
641	edad	52218	
642	metro	52147	
643	interesar	52108	
644	maestro	52097	
645	regalo	51950	
646	ay	51890	?
647	barco	51672	
648	alrededor	51665	
649	normal	51631	
650	lamento	51539	
651	crecer	51510	
652	montón	51311	
653	dulce	51205	
654	comprender	51053	
655	accidente	51051	
656	york	50964	?
657	capaz	50776	
658	calmar	50717	
659	carrera	50710	
660	pelear	50693	
661	adónde	50674	?
662	doler	50671	
663	reunión	50442	
664	evitar	50355	
665	traje	50322	
666	despertar	50271	
667	recuperar	50040	
668	cargo	49906	
669	costar	49872	
670	droga	49867	
671	boda	49863	
672	necesario	49834	
673	deseo	49710	
674	odiar	49474	
675	cena	49435	
676	tras	49345	?
677	placer	49322	
678	brazo	49140	
679	mesa	49108	
680	disfrutar	48983	
681	dirección	48879	
682	público	48860	
683	mitad	48709	
684	avión	48530	
685	nacer	48484	
686	rico	48367	
687	centro	48174	
688	detective	48063	
689	señal	48050	
690	programa	48045	
691	broma	48015	
692	soldado	47793	
693	don	47777	
694	firmar	47753	
695	horrible	47657	
696	peligroso	47496	
697	través	47295	
698	cumplir	47292	
699	reunir	47266	
700	gracioso	47146	
701	principio	47053	
702	entregar	47005	
703	bromear	46643	
704	completo	46587	
705	asi	46535	?
706	animal	46414	
707	duda	46393	
708	interesante	46359	
709	imposible	46345	
710	reconocer	46305	
711	sol	46225	
712	dama	46186	
713	alma	46123	
714	molesto	46089	
715	nave	46068	
716	guardar	46061	
717	terrible	45897	
718	crimen	45869	
719	sorprender	45820	
720	director	45799	
721	retirar	45619	
722	joe	45615	?
723	salar	45581	
724	pierna	45551	
725	hambre	45455	
726	manejar	45419	
727	paciente	45413	
728	michael	45411	?
729	completamente	45342	
730	revisar	45278	
731	david	45220	?
732	construir	45118	
733	enemigo	45102	
734	gritar	45073	
735	totalmente	45016	
736	mar	44981	
737	prueba	44861	
738	amable	44843	
739	acordar	44833	
740	antiguo	44732	
741	crear	44709	
742	frank	44615	?
743	charlie	44589	?
744	arruinar	44530	
745	sufrir	44506	
746	universidad	44484	
747	ama	44342	
748	investigación	44282	
749	siete	44169	
750	controlar	44144	
751	pesar	44114	
752	huir	44086	
753	club	44080	
754	contacto	43824	
755	trasero	43809	
756	engañar	43696	
757	tom	43467	?
758	consejo	43151	
759	cometer	43148	
760	enfrentar	43051	
761	acción	42877	
762	george	42765	?
763	tren	42717	
764	prisa	42623	
765	cumpleaños	42596	?
766	vestido	42591	
767	resolver	42149	
768	cárcel	42063	
769	agarrar	41962	
770	gobierno	41939	
771	cenar	41925	
772	utilizar	41861	
773	navidad	41775	
774	nota	41743	
775	sal	41725	
776	oler	41678	
777	acostar	41647	
778	embargo	41642	
779	tema	41539	
780	escena	41516	
781	vera	41451	
782	besar	41420	
783	ejército	41416	
784	maldición	41392	
785	mentira	41268	
786	sorpresa	41209	
787	quemar	41197	
788	regla	41176	
789	acá	41151	?
790	io	41134	?
791	mike	41066	?
792	inteligente	41064	
793	saltar	41049	
794	silencio	40993	
795	triste	40987	
796	despierto	40959	
797	edificio	40922	
798	herido	40829	
799	limpiar	40745	
800	vámonos	40700	?
801	ventana	40650	
802	piso	40557	
803	respirar	40526	
804	cruzar	40497	
805	fondo	40461	
806	testigo	40196	
807	lleno	40060	
808	guardia	40040	
809	espalda	40028	
810	media	39998	
811	locura	39869	
812	muerto	39809	
813	pelea	39780	
814	matrimonio	39771	
815	peligro	39748	
816	pegar	39632	
817	cerveza	39545	
818	ocho	39524	
819	esposar	39496	
820	contestar	39475	
821	planear	39269	
822	cerebro	39260	
823	separar	39253	
824	precioso	39147	
825	banco	39145	
826	alcanzar	39145	
827	espacio	39137	
828	teniente	39097	
829	enojar	38986	
830	permiso	38978	
831	caliente	38958	
832	delante	38898	?
833	acompañar	38895	
834	simple	38860	
835	basura	38848	
836	convencer	38761	
837	color	38684	
838	bar	38678	
839	libertad	38605	
840	compartir	38538	
841	resultar	38384	
842	iglesia	38304	
843	demostrar	38220	
844	pista	38184	
845	segunda	38171	
846	honor	38158	
847	prestar	38041	
848	sobrevivir	37965	
849	nervioso	37937	
850	discutir	37843	
851	agradable	37841	
852	tuya	37837	
853	apagar	37821	
854	opción	37803	
855	misión	37793	
856	rato	37744	
857	enamorar	37524	
858	opinión	37516	
859	oro	37500	
860	golpe	37489	
861	dedo	37474	
862	guapo	37405	
863	cocina	37319	
864	bomba	37316	
865	baja	37298	
866	infierno	37255	
867	salud	37016	
868	contento	36968	
869	según	36882	?
870	departamento	36868	
871	orgulloso	36825	
872	estudiar	36809	
873	arrestar	36559	
874	relajar	36463	
875	zona	36441	
876	ante	36426	?
877	luna	36371	
878	base	36348	
879	ángel	36325	
880	causa	36321	
881	mencionar	36304	
882	falso	36277	
883	nene	36264	
884	apenar	36181	
885	mayoría	36167	
886	energía	36163	
887	bolsa	36160	
888	árbol	36142	
889	peter	36107	?
890	carne	36093	
891	posición	36049	
892	flor	35995	
893	obra	35919	
894	privar	35918	
895	nivel	35911	
896	juez	35847	
897	varios	35842	
898	enfadar	35814	
899	esperanza	35687	
900	soportar	35595	
901	diferencia	35532	
902	zapato	35513	
903	azul	35489	
904	ordenar	35459	
905	adentrar	35406	
906	enseguida	35331	?
907	planeta	35320	
908	busca	35289	
909	especie	35254	
910	tarjeta	35189	
911	reina	35137	
912	estudio	35095	
913	izquierda	35065	
914	chino	35064	
915	aguantar	35052	
916	máquina	35023	
917	negar	35010	
918	temprano	34855	
919	prisión	34820	
920	viajar	34751	
921	lanzar	34667	
922	paul	34600	?
923	colgar	34555	
924	excelente	34541	
925	finalmente	34516	
926	vigilar	34470	
927	inglés	34468	
928	motivo	34423	
929	fantástico	34378	
930	imagen	34344	
931	investigar	34296	
932	jamar	34292	
933	hogar	34281	
934	posibilidad	34263	
935	banda	34261	
936	estación	34183	
937	sentimiento	34126	
938	arte	34080	
939	pertenecer	34021	
940	destino	33880	
941	visita	33862	
942	operación	33797	
943	juicio	33784	
944	admitir	33740	
945	oscuro	33697	
946	miembro	33684	
947	sargento	33525	
948	porqué	33393	
949	movimiento	33356	
950	éxito	33312	
951	gato	33261	
952	causar	33214	
953	pareja	33117	
954	avisar	33111	
955	experiencia	33104	
956	felicidad	33087	
957	bala	33065	
958	lastimar	33028	
959	respeto	32879	
960	encender	32865	
961	ben	32858	
962	precio	32792	
963	objetivo	32751	
964	favorito	32748	
965	principal	32732	
966	exacto	32731	
967	inocente	32705	
968	sospechoso	32633	
969	radio	32577	
970	cubrir	32573	
971	ejemplo	32562	
972	liberar	32462	
973	culpable	32442	
974	depender	32427	
975	valor	32388	
976	té	32327	
977	norte	32319	
978	coronel	32219	
979	estupendo	32202	
980	max	32182	?
981	indio	32165	
982	disponer	32127	
983	elección	32031	
984	excepto	32005	?
985	pared	31873	
986	visitar	31817	
987	tontería	31718	
988	calma	31694	
989	fumar	31493	
990	montar	31469	
991	hallar	31458	
992	pistola	31218	
993	cuestión	31122	
994	comprobar	31106	
995	henry	30924	
996	francés	30923	
997	común	30918	
998	tí	30876	?
999	jesús	30720	
1000	isla	30669	
1001	verme	30657	
1002	atrever	30621	
1003	sucio	30594	
1004	respecto	30525	
1005	sugerir	30497	
1006	mudar	30468	
1007	aburrir	30380	
1008	héroe	30348	
1009	imbécil	30333	
1010	alemán	30329	
1011	apartamento	30301	
1012	debajo	30209	?
1013	acusar	30155	
1014	borracho	30153	
1015	colega	30150	
1016	harry	30134	?
1017	familiar	30121	
1018	brillante	30060	
1019	alta	30046	
1020	ridículo	30028	
1021	repetir	29767	
1022	huevo	29761	
1023	ocultar	29760	
1024	pescar	29739	
1025	espíritu	29697	
1026	gay	29668	
1027	unidad	29660	
1028	empresa	29658	
1029	adivinar	29658	
1030	copa	29574	
1031	bosque	29549	
1032	beso	29539	
1033	salida	29479	
1034	kilómetro	29467	
1035	enorme	29438	
1036	vacío	29427	
1037	encerrar	29375	
1038	vistazo	29316	
1039	interior	29308	
1040	tardar	29231	
1041	soñar	29208	
1042	comandante	29188	
1043	americano	29151	
1044	doble	29138	
1045	contratar	29071	
1046	marca	29003	
1047	mary	28973	?
1048	obligar	28874	
1049	bello	28869	
1050	estudiante	28864	
1051	batalla	28843	
1052	sur	28775	
1053	gordo	28766	
1054	piel	28747	
1055	permanecer	28727	
1056	riesgo	28638	
1057	you	28617	?
1058	estilo	28502	
1059	notar	28453	
1060	asiento	28441	
1061	ia	28426	?
1062	conversación	28404	
1063	ladrón	28386	
1064	trampa	28369	
1065	absoluto	28324	
1066	trago	28308	
1067	cargar	28296	
1068	menudo	28249	
1069	fantasma	28236	
1070	deshacer	28234	
1071	papa	28221	
1072	bill	28210	?
1073	jimmy	28145	?
1074	camión	28076	
1075	bob	28053	
1076	castigar	28002	
1077	ciento	27976	
1078	piedra	27887	
1079	monstruo	27885	
1080	registro	27777	
1081	periódico	27689	
1082	londres	27684	?
1083	enterrar	27675	
1084	famoso	27644	
1085	jim	27640	?
1086	majestad	27624	
1087	montaña	27616	
1088	ojalá	27609	?
1089	verano	27569	
1090	anillo	27562	
1091	responsable	27554	
1092	nueve	27477	
1093	definitivamente	27474	
1094	cuello	27442	
1095	observar	27264	
1096	enfermedad	27256	
1097	verde	27194	
1098	lavar	27148	
1099	danny	27097	?
1100	efecto	27093	
1101	parir	27088	
1102	profundo	27052	
1103	dudar	26995	
1104	pantalón	26977	
1105	cerdo	26935	
1106	repente	26871	
1107	restaurante	26851	
1108	directo	26848	
1109	vecino	26846	
1110	sexual	26820	
1111	entrada	26809	
1112	botella	26730	
1113	sonido	26574	
1114	arriesgar	26562	
1115	nick	26552	?
1116	defensa	26540	
1117	alex	26535	?
1118	presión	26527	
1119	acaso	26523	
1120	perseguir	26512	
1121	involucrar	26449	
1122	turno	26360	
1123	encantador	26350	
1124	red	26342	
1125	steve	26340	?
1126	rendir	26321	
1127	dueño	26316	
1128	tony	26298	?
1129	ruido	26233	
1130	quieto	26140	
1131	laboratorio	26110	
1132	silla	26109	
1133	código	26094	
1134	rayo	26060	
1135	nariz	26050	
1136	apuntar	26021	
1137	emergencia	25995	
1138	larga	25955	
1139	embarazada	25946	
1140	justicia	25899	
1141	archivo	25896	
1142	condición	25895	
1143	defender	25872	
1144	disparo	25865	
1145	interés	25856	
1146	celebrar	25854	
1147	largar	25813	
1148	obviamente	25797	
1149	superar	25699	
1150	casado	25692	
1151	militar	25683	
1152	calor	25680	
1153	proyecto	25665	
1154	pedazo	25613	
1155	reloj	25546	
1156	cine	25538	
1157	sarah	25528	?
1158	memoria	25505	
1159	intención	25467	
1160	absolutamente	25418	
1161	política	25418	
1162	llena	25341	
1163	propósito	25305	
1164	salga	25286	
1165	complicar	25255	
1166	faltar	25247	
1167	vacación	25186	
1168	criminal	25166	
1169	taxi	25147	
1170	profesional	25043	
1171	um	24948	?
1172	contrario	24889	
1173	local	24858	
1174	grave	24830	
1175	tiro	24823	
1176	ruso	24814	
1177	incluir	24811	
1178	evidencia	24804	
1179	resulta	24769	
1180	toca	24753	
1181	confianza	24733	
1182	distinto	24729	
1183	cuchillo	24686	
1184	especialmente	24660	
1185	diario	24634	
1186	renunciar	24628	
1187	fbi	24627	?
1188	charlar	24601	
1189	robo	24593	
1190	mono	24584	
1191	victoria	24528	
1192	página	24527	
1193	limpio	24493	
1194	líder	24484	
1195	jane	24469	?
1196	cabo	24461	
1197	cantidad	24420	
1198	empujar	24413	
1199	inmediatamente	24410	
1200	grabar	24373	
1201	tommy	24300	?
1202	necesidad	24285	
1203	amenaza	24185	
1204	puro	24137	
1205	menor	24042	
1206	bola	24027	
1207	fingir	23938	
1208	plato	23937	
1209	viento	23910	
1210	apoyar	23888	
1211	leche	23885	
1212	pieza	23800	
1213	área	23728	
1214	inspector	23713	
1215	proponer	23691	
1216	bastardo	23688	
1217	mejorar	23656	
1218	enfermero	23618	
1219	conectar	23585	
1220	acostumbrar	23550	
1221	poderoso	23530	
1222	colegio	23526	
1223	fe	23518	
1224	ray	23492	?
1225	escoger	23466	
1226	rechazar	23464	
1227	billy	23444	?
1228	johnny	23426	?
1229	honesto	23332	
1230	gastar	23279	
1231	cadáver	23277	
1232	solamente	23166	
1233	medicina	23161	
1234	formar	23147	
1235	vestir	23136	
1236	desastre	23122	
1237	correo	23113	
1238	contrato	23109	
1239	richard	23102	?
1240	acto	22983	
1241	cabello	22958	
1242	agujero	22941	
1243	colocar	22938	
1244	escalera	22918	
1245	pan	22912	
1246	príncipe	22912	
1247	playa	22907	
1248	cinta	22871	
1249	pecho	22860	
1250	fuente	22838	
1251	vencer	22833	
1252	diente	22805	
1253	nacional	22774	
1254	socio	22751	
1255	detente	22743	
1256	show	22738	
1257	autobús	22735	
1258	cuento	22699	
1259	amante	22665	
1260	adorar	22636	
1261	fijar	22618	
1262	débil	22610	
1263	fallar	22598	
1264	truco	22558	
1265	parque	22555	
1266	examen	22541	
1267	declarar	22536	
1268	confirmar	22507	
1269	juzgar	22502	
1270	inventar	22497	
1271	hielo	22495	
1272	voto	22461	
1273	rosa	22432	
1274	hueso	22411	
1275	datar	22409	
1276	culpar	22392	
1277	dato	22387	
1278	puente	22379	
1279	sonreír	22367	
1280	televisión	22354	
1281	serie	22307	
1282	ministro	22304	
1283	valer	22290	
1284	prensa	22244	
1285	natural	22237	
1286	inmediato	22224	
1287	eddie	22197	?
1288	grado	22182	
1289	siglo	22176	
1290	carga	22149	
1291	identificar	22135	
1292	feo	22130	
1293	velocidad	22107	
1294	mark	22087	?
1295	oferta	22087	
1296	propiedad	22055	
1297	solar	22046	
1298	pastel	22040	
1299	maría	22039	
1300	señoría	22020	
1301	seguramente	22019	
1302	papi	22003	
1303	pez	21965	
1304	naturaleza	21922	
1305	robert	21882	?
1306	disco	21864	
1307	distancia	21850	
1308	espectáculo	21824	
1309	época	21806	
1310	responsabilidad	21781	
1311	cómodo	21763	
1312	espada	21753	
1313	apreciar	21746	
1314	chris	21736	?
1315	pelota	21736	
1316	advertir	21723	
1317	brujo	21700	
1318	artista	21698	
1319	total	21653	
1320	artículo	21634	
1321	perdido	21565	
1322	dedicar	21509	
1323	will	21495	?
1324	peso	21449	
1325	modelo	21433	
1326	planta	21387	
1327	paseo	21373	
1328	3	21342	
1329	desnudo	21334	
1330	confundir	21318	
1331	organizar	21310	
1332	asumir	21244	
1333	avergonzar	21235	
1334	suficientemente	21229	
1335	huella	21222	
1336	primo	21199	
1337	estan	21171	?
1338	social	21165	
1339	sombrero	21144	
1340	superior	21139	
1341	t	21127	?
1342	valiente	21111	
1343	universo	21095	
1344	ciego	21094	
1345	princesa	21083	
1346	gana	21078	
1347	belleza	21038	
1348	pollo	21028	
1349	ryan	20997	?
1350	científico	20964	
1351	sujeto	20947	
1352	eliminar	20930	
1353	jardín	20923	
1354	apoyo	20893	
1355	adulto	20739	
1356	teoría	20707	
1357	premio	20705	
1358	mercado	20696	
1359	sociedad	20687	
1360	fresco	20656	
1361	tarea	20652	
1362	apartar	20633	
1363	arrancar	20624	
1364	pensamiento	20601	
1365	apurar	20586	
1366	prisionero	20568	
1367	registrar	20542	
1368	computador	20476	
1369	pago	20474	
1370	domingo	20418	
1371	américa	20401	?
1372	aspecto	20377	
1373	sostener	20372	
1374	extra	20326	
1375	judío	20325	
1376	magia	20292	
1377	aumentar	20222	
1378	inútil	20217	
1379	jake	20197	?
1380	vergüenza	20189	
1381	declaración	20114	
1382	ei	20063	?
1383	detalle	20017	
1384	cocinar	20015	
1385	carretera	20010	
1386	avanzar	20002	
1387	francia	19957	?
1388	empleado	19932	
1389	explotar	19919	
1390	fiscal	19902	
1391	sabio	19891	
1392	viernes	19829	?
1393	bobby	19818	?
1394	central	19818	
1395	martin	19801	?
1396	amy	19792	?
1397	ex	19776	?
1398	pájaro	19744	
1399	criatura	19725	
1400	motor	19716	
1401	ciencia	19672	
1402	inglaterra	19670	?
1403	habilidad	19628	
1404	mentiroso	19617	
1405	armar	19550	
1406	talento	19546	
1407	cercano	19514	
1408	daniel	19492	?
1409	oeste	19385	
1410	herida	19379	
1411	despacio	19378	
1412	realizar	19357	
1413	venta	19352	
1414	jugador	19331	
1415	costa	19309	
1416	directamente	19298	
1417	llenar	19298	
1418	representar	19286	
1419	grandioso	19242	
1420	atender	19235	
1421	concentrar	19220	
1422	pérdida	19177	
1423	salvaje	19168	
1424	pretender	19151	
1425	pintura	19108	
1426	copia	19107	
1427	ahi	19103	?
1428	pillar	19095	
1429	últimamente	19064	
1430	desarrollar	19043	
1431	iniciar	19040	
1432	paga	19027	
1433	entrenador	19016	
1434	límite	19001	
1435	humor	18982	
1436	bote	18977	
1437	gas	18952	
1438	entrenar	18939	
1439	tenia	18938	
1440	adam	18930	?
1441	and	18928	?
1442	material	18918	
1443	insistir	18918	
1444	votar	18896	
1445	cancelar	18896	
1446	tribunal	18895	
1447	conexión	18830	
1448	adecuar	18824	
1449	acceso	18823	
1450	entero	18786	
1451	oscuridad	18776	
1452	teatro	18746	
1453	entrevista	18722	
1454	visión	18714	
1455	camisa	18708	
1456	impresionante	18697	
1457	escenario	18690	
1458	mirada	18665	
1459	almuerzo	18664	
1460	confesar	18654	
1461	kevin	18631	?
1462	búsqueda	18597	
1463	original	18586	
1464	sábado	18575	
1465	gratis	18558	?
1466	cagar	18557	
1467	violar	18548	
1468	curar	18537	
1469	indicar	18534	
1470	bolsillo	18533	
1471	genio	18473	
1472	extranjero	18471	
1473	polvo	18453	
1474	d	18432	
1475	esfuerzo	18428	
1476	campamento	18427	
1477	promesa	18413	
1478	bendecir	18390	
1479	traicionar	18369	
1480	extrañar	18335	
1481	proceso	18330	
1482	brian	18329	?
1483	corto	18320	
1484	lengua	18309	
1485	producir	18261	
1486	lobo	18240	
1487	aventura	18232	
1488	pintar	18229	
1489	rezar	18204	
1490	invitado	18166	
1491	corta	18145	
1492	rostro	18140	
1493	firma	18132	
1494	to	18130	?
1495	capturar	18124	
1496	homicidio	18116	
1497	legal	18091	
1498	morder	18088	
1499	lección	18071	
1500	secundario	18055	
1501	video	18044	?
1502	atar	18044	
1503	perfectamente	18042	
1504	tormenta	18026	
1505	lástima	17994	
1506	amenazar	17988	
1507	asqueroso	17986	
1508	provocar	17958	
1509	piloto	17955	
1510	afectar	17900	
1511	alimentar	17892	
1512	eric	17887	?
1513	libra	17880	
1514	contener	17878	
1515	cien	17845	
1516	discurso	17823	
1517	sombra	17821	
1518	adn	17813	?
1519	lucir	17801	
1520	normalmente	17799	
1521	tumba	17798	
1522	actor	17796	
1523	mr	17793	?
1524	autoridad	17785	
1525	oso	17772	
1526	comprometer	17770	
1527	voluntad	17758	
1528	documento	17745	
1529	sensación	17743	
1530	helado	17718	
1531	desayuno	17709	
1532	crédito	17696	
1533	anna	17680	?
1534	sexy	17649	
1535	arrastrar	17623	
1536	zorro	17613	
1537	criar	17607	
1538	pecado	17583	
1539	sencillo	17544	
1540	kate	17539	?
1541	ocasión	17521	
1542	interrumpir	17480	
1543	romo	17473	
1544	resistir	17459	
1545	fecha	17438	
1546	secretario	17412	
1547	roca	17399	
1548	queso	17384	
1549	efectivo	17333	
1550	soltero	17328	
1551	mio	17318	?
1552	apostar	17301	
1553	alcalde	17299	
1554	mapa	17293	
1555	practicar	17274	
1556	cobrar	17242	
1557	tambien	17234	?
1558	esquina	17229	
1559	máximo	17210	
1560	revista	17190	
1561	resultado	17185	
1562	aeropuerto	17182	
1563	jerry	17179	?
1564	mata	17178	
1565	cuerda	17172	
1566	tercero	17150	
1567	rata	17122	
1568	chocolate	17117	
1569	prohibir	17117	
1570	sr	17112	?
1571	sheriff	17103	
1572	objeto	17095	
1573	experto	17093	
1574	móvil	17064	
1575	milagro	17056	
1576	aprovechar	17054	
1577	cigarrillo	17051	
1578	cadena	17043	
1579	temporada	17035	
1580	thomas	17034	?
1581	mami	17017	?
1582	celoso	17015	
1583	washington	17008	?
1584	comunicar	17007	
1585	tv	16995	?
1586	tamaño	16994	
1587	afortunado	16994	
1588	paquete	16976	
1589	emoción	16969	
1590	personaje	16963	
1591	sincero	16947	
1592	pesadilla	16939	
1593	vaso	16921	
1594	enamorado	16914	
1595	techo	16907	
1596	maleta	16901	
1597	respetar	16900	
1598	rodear	16878	
1599	federal	16874	
1600	andy	16826	?
1601	rachel	16812	?
1602	lluvia	16792	
1603	internet	16784	?
1604	atraer	16781	
1605	rodar	16780	
1606	alcohol	16755	
1607	atractivo	16736	
1608	cura	16726	
1609	fotografía	16712	
1610	cobarde	16705	
1611	contactar	16699	
1612	harto	16681	
1613	delicioso	16611	
1614	deprisa	16609	?
1615	rodilla	16605	
1616	curso	16599	
1617	petar	16593	
1618	ignorar	16585	
1619	lago	16563	
1620	tesoro	16561	
1621	secuestrar	16538	
1622	anciano	16536	
1623	fútbol	16513	
1624	car	16504	
1625	olor	16503	
1626	civil	16474	
1627	gloria	16467	
1628	torre	16450	
1629	reportar	16421	
1630	instituto	16417	
1631	anterior	16414	
1632	wow	16396	?
1633	apestar	16393	
1634	salón	16350	
1635	medida	16345	
1636	excusa	16342	
1637	opinar	16338	
1638	scott	16331	?
1639	cheque	16327	
1640	funeral	16322	
1641	ganador	16314	
1642	lío	16312	
1643	claramente	16303	
1644	in	16277	?
1645	cuadro	16231	
1646	fué	16211	?
1647	protección	16191	
1648	trabajador	16191	
1649	corriente	16156	
1650	muñeca	16149	
1651	asistente	16139	
1652	dia	16129	?
1653	diversión	16097	
1654	destrozar	16091	
1655	nieve	16074	
1656	marcar	16060	
1657	kim	16052	?
1658	obvio	16052	
1659	empleo	16051	
1660	larry	16045	?
1661	solución	16044	
1662	mama	16036	
1663	publicar	16028	
1664	mundial	16021	
1665	deuda	15989	
1666	lisa	15984	
1667	carro	15984	
1668	venganza	15966	
1669	walter	15957	?
1670	lento	15953	
1671	útil	15929	
1672	barrio	15903	
1673	rastro	15883	
1674	incendio	15865	
1675	emocionar	15865	
1676	milla	15817	
1677	emily	15776	?
1678	letra	15755	
1679	jason	15748	?
1680	brillar	15734	
1681	requerir	15730	
1682	gigante	15715	
1683	jeff	15698	?
1684	granja	15686	
1685	ofender	15685	
1686	saca	15660	
1687	uniforme	15653	
1688	filmar	15620	
1689	gira	15552	
1690	probable	15531	
1691	matt	15526	?
1692	camioneta	15519	
1693	romántico	15509	
1694	presionar	15505	
1695	tecnología	15504	
1696	bolso	15488	
1697	kelly	15485	?
1698	comunidad	15463	
1699	conocimiento	15457	
1700	celular	15428	
1701	bloquear	15425	
1702	altura	15424	
1703	amistad	15422	
1704	reino	15419	
1705	animar	15416	
1706	agradar	15380	
1707	centavo	15366	
1708	atravesar	15365	
1709	esclavo	15361	
1710	apretar	15357	
1711	impresionar	15353	
1712	recién	15340	
1713	compromiso	15329	
1714	establecer	15324	
1715	taza	15323	
1716	producto	15319	
1717	clave	15313	
1718	europa	15296	?
1719	relacionar	15294	
1720	aparte	15291	
1721	hombro	15288	
1722	evento	15276	
1723	ala	15275	
1724	ilegal	15271	
1725	rumor	15264	
1726	interno	15259	
1727	risa	15209	
1728	rock	15208	
1729	felicitación	15208	
1730	labio	15177	
1731	despejar	15141	
1732	cero	15136	
1733	canal	15129	
1734	cirugía	15092	
1735	it	15085	?
1736	fortuna	15068	
1737	lunes	15063	?
1738	nación	15061	
1739	sobrino	15054	
1740	alegría	15045	
1741	ira	15039	
1742	ciudadano	15034	
1743	pata	15013	
1744	william	15011	?
1745	cáncer	15005	
1746	mina	14991	
1747	dave	14983	?
1748	conductor	14982	
1749	moneda	14982	
1750	suave	14931	
1751	nadar	14927	
1752	billete	14923	
1753	bravo	14916	
1754	fábrica	14911	
1755	frontera	14910	
1756	sir	14903	
1757	charla	14903	
1758	combate	14895	
1759	cuyo	14895	
1760	ahorrar	14871	
1761	inteligencia	14861	
1762	abrigo	14822	
1763	explosión	14794	
1764	estómago	14785	
1765	arrepentir	14775	
1766	campaña	14770	
1767	ventaja	14769	
1768	agencia	14758	
1769	cola	14728	
1770	sonrisa	14720	
1771	quejar	14683	
1772	clara	14668	
1773	vehículo	14668	
1774	terrorista	14663	
1775	aprobar	14656	
1776	italiano	14641	
1777	castillo	14620	
1778	británico	14606	
1779	comercial	14589	
1780	laura	14574	
1781	rápidamente	14568	
1782	bordo	14566	
1783	impedir	14549	
1784	manzana	14525	
1785	rastrear	14525	
1786	violencia	14523	
1787	español	14518	
1788	n	14504	?
1789	desgraciado	14496	
1790	ritmo	14493	
1791	pizza	14440	
1792	japonés	14436	
1793	grito	14432	
1794	grace	14411	?
1795	asombroso	14411	
1796	mágico	14389	
1797	espejo	14387	
1798	desgracia	14371	
1799	litro	14366	
1800	revelar	14364	
1801	of	14360	?
1802	presencia	14340	
1803	ey	14330	?
1804	cable	14322	
1805	annie	14309	?
1806	chaqueta	14302	
1807	alan	14301	?
1808	tratamiento	14298	
1809	clark	14280	?
1810	campeón	14270	
1811	sano	14256	
1812	carl	14235	?
1813	emma	14211	?
1814	carter	14199	?
1815	california	14198	?
1816	girar	14132	
1817	claire	14107	?
1818	hoja	14107	
1819	bestia	14104	
1820	marco	14103	
1821	guarda	14064	
1822	aparentemente	14048	
1823	patrón	14048	
1824	chocar	14043	
1825	ed	14041	?
1826	cerrada	14033	
1827	new	14030	?
1828	chicago	14028	?
1829	vaca	14001	
1830	fruto	13976	
1831	suicidar	13976	
1832	político	13975	
1833	entrega	13967	
1834	decepcionar	13963	
1835	ahogar	13948	
1836	ruego	13944	
1837	kyle	13935	?
1838	pasillo	13924	
1839	fila	13910	
1840	coincidencia	13909	
1841	describir	13886	
1842	entrenamiento	13853	
1843	moda	13843	
1844	comunicación	13829	
1845	espera	13828	
1846	sesión	13809	
1847	curioso	13804	
1848	concierto	13802	
1849	delito	13798	
1850	senador	13791	
1851	explicación	13791	
1852	ruta	13775	
1853	poquito	13774	
1854	tribu	13761	
1855	u	13752	
1856	armario	13752	
1857	arrojar	13749	
1858	anuncio	13746	
1859	espía	13715	
1860	whisky	13700	
1861	magnífico	13698	
1862	maravilla	13691	
1863	ted	13688	?
1864	botón	13685	
1865	actividad	13671	
1866	palacio	13649	
1867	desierto	13648	
1868	muchísimo	13629	?
1869	pene	13613	
1870	simon	13612	?
1871	chiste	13597	
1872	perdedor	13591	
1873	galleta	13574	
1874	reducir	13564	
1875	desesperado	13547	
1876	limpia	13540	
1877	arresto	13523	
1878	ambulancia	13503	
1879	alarma	13487	
1880	arena	13465	
1881	importancia	13447	
1882	forzar	13434	
1883	personalmente	13425	
1884	roger	13423	?
1885	luke	13422	?
1886	vampiro	13411	
1887	borrar	13381	
1888	despues	13357	?
1889	gary	13354	?
1890	comportar	13349	
1891	nieto	13344	
1892	despacho	13305	
1893	impresión	13289	
1894	saludar	13271	
1895	participar	13270	
1896	escritor	13262	
1897	camarero	13258	
1898	serpiente	13246	
1899	cruel	13240	
1900	marina	13232	
1901	celda	13223	
1902	licencia	13220	
1903	hierba	13204	
1904	misterio	13186	
1905	lord	13185	
1906	particular	13184	
1907	localizar	13184	
1908	identidad	13181	
1909	exterior	13176	
1910	alice	13175	?
1911	lucy	13170	?
1912	suicidio	13170	
1913	saco	13152	
1914	popular	13147	
1915	okay	13145	?
1916	operar	13140	
1917	saludo	13139	
1918	b	13132	
1919	expulsar	13130	
1920	basar	13116	
1921	madera	13101	
1922	amarillo	13100	
1923	josh	13073	?
1924	poseer	13055	
1925	c	13047	
1926	rose	13042	?
1927	cruz	13031	
1928	sagrado	13031	
1929	susan	13018	?
1930	veinte	13015	
1931	comisario	13012	
1932	sección	13008	
1933	cazar	13008	
1934	ja	12991	?
1935	divorcio	12986	
1936	invierno	12983	
1937	caza	12982	
1938	adolescente	12981	
1939	malvado	12981	
1940	solicitar	12976	
1941	alerta	12966	
1942	gobernador	12960	
1943	ducha	12959	
1944	piscina	12958	
1945	periodista	12958	
1946	phil	12951	?
1947	sospechar	12948	
1948	smith	12925	?
1949	mental	12919	
1950	cristal	12914	
1951	tropa	12913	
1952	herir	12913	
1953	traidor	12912	
1954	juguete	12901	
1955	práctica	12891	
1956	adorable	12877	
1957	aviso	12863	
1958	traducción	12850	
1959	disponible	12841	
1960	circunstancia	12803	
1961	educación	12779	
1962	positivo	12776	
1963	versión	12768	
1964	episodio	12738	
1965	caro	12738	
1966	condenar	12735	
1967	tira	12715	
1968	sótano	12713	
1969	mínimo	12713	
1970	encajar	12690	
1971	recompensa	12686	
1972	vía	12678	
1973	plata	12672	
1974	título	12668	
1975	estadounidense	12668	
1976	humanidad	12647	
1977	parada	12633	
1978	sangrar	12628	
1979	satisfacer	12628	
1980	nube	12614	
1981	vela	12605	
1982	placa	12600	
1983	franco	12596	
1984	patear	12590	
1985	sopa	12572	
1986	reserva	12561	
1987	comportamiento	12556	
1988	básicamente	12555	
1989	retroceder	12553	
1990	abrazar	12541	
1991	elegante	12529	
1992	conferencia	12527	
1993	vega	12526	
1994	quita	12512	
1995	extraordinario	12503	
1996	virgen	12494	
1997	generación	12483	
1998	aclarar	12474	
1999	compra	12470	
2000	oreja	12469	
2001	ciertamente	12462	
2002	tráfico	12452	
2003	cubierta	12452	
2004	mortal	12447	
2005	conciencia	12441	
2006	alemania	12440	?
2007	león	12436	
2008	auténtico	12433	
2009	término	12431	
2010	llover	12420	
2011	lady	12415	
2012	jenny	12399	?
2013	guerrero	12383	
2014	beneficio	12380	
2015	park	12363	?
2016	pastilla	12360	
2017	preocupación	12356	
2018	jackson	12341	?
2019	análisis	12318	?
2020	aéreo	12305	
2021	azúcar	12304	
2022	tim	12300	?
2023	kilo	12284	
2024	vomitar	12281	
2025	violento	12279	
2026	taylor	12255	?
2027	gemelo	12241	
2028	doc	12213	?
2029	interrogar	12183	
2030	expresar	12167	
2031	moderno	12165	
2032	joey	12145	?
2033	miel	12117	
2034	identificación	12095	
2035	curiosidad	12077	
2036	desagradable	12060	
2037	aliviar	12048	
2038	hundir	12047	
2039	tanque	12043	
2040	julia	12040	
2041	círculo	12003	
2042	paciencia	11988	
2043	congelar	11976	
2044	crisis	11975	?
2045	freír	11965	
2046	cazador	11957	
2047	anteriormente	11950	
2048	ordenador	11949	
2049	vigilancia	11948	
2050	chuck	11938	?
2051	ejercicio	11936	
2052	comparar	11929	
2053	fan	11913	
2054	consecuencia	11910	
2055	morgan	11906	?
2056	audiencia	11904	
2057	pavo	11899	
2058	joya	11888	
2059	desafío	11881	
2060	dañar	11867	
2061	extremo	11863	
2062	karen	11860	?
2063	preparado	11855	
2064	océano	11839	
2065	hank	11829	?
2066	actitud	11829	
2067	palo	11826	
2068	conocido	11806	
2069	noble	11786	
2070	puerto	11772	
2071	eléctrico	11765	
2072	escritorio	11758	
2073	frase	11756	
2074	barato	11742	
2075	aterrizar	11738	
2076	terreno	11725	
2077	teta	11715	
2078	arthur	11706	?
2079	virus	11704	?
2080	salsa	11688	
2081	distrito	11678	
2082	prostituta	11670	
2083	sofá	11664	
2084	organización	11651	
2085	pasión	11647	
2086	incidente	11644	
2087	julie	11623	?
2088	barra	11615	
2089	casualidad	11610	
2090	lágrima	11610	
2091	dragón	11609	
2092	orgullo	11596	
2093	garganta	11585	
2094	maggie	11582	?
2095	experimento	11556	
2096	física	11553	
2097	librar	11548	
2098	jones	11544	?
2099	veneno	11544	
2100	fred	11539	?
2101	amanecer	11538	
2102	forense	11536	
2103	fácilmente	11534	
2104	humo	11530	
2105	incómodo	11526	
2106	detallar	11525	
2107	arder	11523	
2108	precisamente	11511	
2109	camarada	11507	
2110	louis	11498	?
2111	clásico	11498	
2112	comentario	11486	
2113	emocionante	11483	
2114	apropiar	11480	
2115	muro	11465	
2116	ronda	11441	
2117	recurso	11432	
2118	consciente	11423	
2119	activo	11397	
2120	tender	11376	
2121	trozo	11375	
2122	urgente	11360	
2123	solucionar	11360	
2124	costumbre	11346	
2125	regalar	11329	
2126	competencia	11321	
2127	bota	11319	
2128	espacial	11315	
2129	moto	11307	
2130	calla	11287	
2131	doce	11283	
2132	oponer	11260	
2133	ajustar	11260	
2134	garantizar	11256	
2135	jackie	11247	?
2136	reacción	11244	
2137	ensayo	11219	
2138	méxico	11218	?
2139	biblioteca	11211	
2140	violación	11206	
2141	nuclear	11195	
2142	subtítulo	11190	
2143	transporte	11166	
2144	cristiano	11145	
2145	plano	11137	
2146	moral	11135	
2147	docena	11125	
2148	jo	11102	?
2149	sara	11102	?
2150	alteza	11096	
2151	demanda	11090	
2152	comité	11089	
2153	misterioso	11084	
2154	cultura	11068	
2155	instrucción	11063	
2156	sacerdote	11063	
2157	juntar	11061	
2158	preciso	11040	
2159	manda	11038	
2160	tranquilizar	11030	
2161	robot	11029	
2162	jueves	11026	?
2163	jovencito	11022	
2164	medianoche	11020	
2165	patio	11015	
2166	determinar	10999	
2167	dibujo	10994	
2168	negativo	10990	
2169	coma	10987	
2170	colina	10986	
2171	examinar	10977	
2172	clínica	10968	
2173	honrar	10967	
2174	exagerar	10962	
2175	ambiente	10955	
2176	primavera	10950	
2177	exponer	10944	
2178	súper	10943	
2179	martes	10940	?
2180	cinturón	10936	
2181	pantalla	10934	
2182	cristo	10926	
2183	francisco	10926	
2184	howard	10920	?
2185	reputación	10910	
2186	metal	10907	
2187	capítulo	10907	
2188	alumno	10906	
2189	socorro	10899	
2190	rescate	10894	
2191	templo	10876	
2192	junta	10869	
2193	anunciar	10853	
2194	helen	10845	?
2195	estupidez	10840	
2196	ayudante	10838	
2197	hmm	10831	?
2198	actual	10830	
2199	bicicleta	10819	
2200	recomendar	10817	
2201	nocturno	10812	
2202	túnel	10805	
2203	bandera	10784	
2204	guía	10771	
2205	donna	10768	?
2206	alquilar	10761	
2207	dividir	10759	
2208	pasta	10758	
2209	territorio	10745	
2210	queja	10739	
2211	ave	10737	
2212	fabuloso	10732	
2213	museo	10730	
2214	ésto	10720	?
2215	superficie	10720	
2216	discusión	10718	
2217	terapia	10714	
2218	cubierto	10707	
2219	actuación	10704	
2220	almacén	10703	
2221	conde	10699	
2222	julio	10691	
2223	reservar	10684	
2224	desconocer	10669	
2225	rescatar	10668	
2226	helicóptero	10661	
2227	miss	10650	
2228	revolución	10645	
2229	alterar	10625	
2230	elizabeth	10611	?
2231	pánico	10609	
2232	barry	10607	?
2233	abby	10606	?
2234	leyenda	10601	
2235	dormitorio	10599	
2236	estropear	10598	
2237	burlar	10589	
2238	guau	10571	?
2239	patrick	10569	?
2240	payaso	10553	
2241	internacional	10547	
2242	diseñar	10543	
2243	pasear	10542	
2244	signo	10540	
2245	abra	10537	
2246	andrew	10534	?
2247	técnica	10528	
2248	lamentar	10525	
2249	orinar	10522	
2250	dean	10515	?
2251	máscara	10507	
2252	experimentar	10495	
2253	impuesto	10494	
2254	antonio	10489	?
2255	ron	10475	
2256	punta	10475	
2257	refugio	10467	
2258	grano	10465	
2259	surgir	10460	
2260	cia	10451	?
2261	telefónico	10450	
2262	lily	10439	?
2263	jamie	10431	?
2264	apetecer	10431	
2265	retener	10431	
2266	raza	10423	
2267	conejo	10419	
2268	lucas	10415	?
2269	vídeo	10415	
2270	división	10399	
2271	encanto	10391	
2272	asco	10385	
2273	tono	10383	
2274	amanda	10377	?
2275	sabor	10376	
2276	rick	10369	?
2277	stan	10368	?
2278	nuevamente	10350	
2279	depósito	10346	
2280	valioso	10338	
2281	grabación	10336	
2282	tragar	10326	
2283	cañón	10325	
2284	cuán	10324	?
2285	capacidad	10321	
2286	lidiar	10320	
2287	collar	10316	
2288	patético	10314	
2289	coincidir	10314	
2290	norma	10312	
2291	absurdo	10303	
2292	paliza	10301	
2293	terry	10292	?
2294	pasajero	10289	
2295	método	10288	
2296	juan	10283	?
2297	fantasía	10282	
2298	fiebre	10278	
2299	piano	10274	
2300	madame	10273	
2301	ejecutar	10270	
2302	voluntario	10256	
2303	guante	10251	
2304	quinto	10241	
2305	invitación	10234	
2306	meta	10225	
2307	ceremonia	10224	
2308	bailarín	10218	
2309	masa	10200	
2310	expediente	10193	
2311	arreglo	10193	
2312	portar	10185	
2313	camiseta	10179	
2314	asistir	10171	
2315	decente	10161	
2316	admirar	10161	
2317	timar	10149	
2318	brown	10138	?
2319	interesado	10137	
2320	rehén	10130	
2321	monje	10127	
2322	literalmente	10126	
2323	condado	10120	
2324	ultimar	10115	
2325	king	10104	?
2326	añadir	10102	
2327	solitario	10101	
2328	sacrificio	10101	
2329	agotar	10095	
2330	tripulación	10093	
2331	robin	10092	?
2332	alimento	10066	
2333	tele	10054	
2334	custodia	10048	
2335	mezclar	10048	
2336	hollywood	10039	?
2337	ma	10023	?
2338	johnson	10019	?
2339	alquiler	10017	
2340	herramienta	10014	
2341	nacimiento	10010	
2342	concurso	10007	
2343	abrazo	9993	
2344	honestamente	9991	
2345	greg	9976	?
2346	temperatura	9973	
2347	recibo	9972	
2348	traducir	9960	
2349	asalto	9957	
2350	ligero	9954	
2351	sensible	9943	
2352	seco	9942	
2353	pariente	9929	
2354	adios	9921	?
2355	almorzar	9921	
2356	candidato	9915	
2357	salto	9900	
2358	pinta	9898	
2359	generoso	9876	
2360	guiar	9876	
2361	emperador	9870	
2362	italia	9865	?
2363	sally	9857	?
2364	amén	9852	
2365	drogar	9850	
2366	mac	9848	?
2367	acusación	9845	
2368	gasolina	9841	
2369	tyler	9832	?
2370	miserable	9824	
2371	industria	9815	
2372	retrasar	9813	
2373	extender	9811	
2374	ola	9797	
2375	corona	9785	
2376	recorrer	9785	
2377	sospecha	9779	
2378	nombrar	9774	
2379	texas	9772	?
2380	ricky	9763	?
2381	eterno	9762	
2382	femenino	9762	
2383	sacrificar	9753	
2384	batería	9752	
2385	crema	9751	
2386	mancha	9746	
2387	romano	9743	
2388	típico	9741	
2389	procedimiento	9740	
2390	rueda	9716	
2391	instante	9716	
2392	recientemente	9711	
2393	limitar	9699	
2394	aplastar	9696	
2395	tina	9687	
2396	boleto	9687	
2397	gasto	9686	
2398	desaparecido	9673	
2399	onda	9668	
2400	biblia	9663	
2401	trasladar	9656	
2402	hamburguesa	9652	
2403	conceder	9641	
2404	personalidad	9635	
2405	bruzar	9633	
2406	ascensor	9628	
2407	city	9627	
2408	dispositivo	9625	
2409	elemento	9623	
2410	furioso	9614	
2411	flota	9610	
2412	huh	9599	?
2413	derrotar	9594	
2414	tatuaje	9583	
2415	figura	9580	
2416	plaza	9578	
2417	apellido	9566	
2418	nervio	9562	
2419	instinto	9555	
2420	vendedor	9542	
2421	chef	9517	?
2422	marty	9513	?
2423	patata	9508	
2424	molly	9498	?
2425	cartera	9498	
2426	milímetro	9488	
2427	lata	9477	
2428	prácticamente	9476	
2429	aceite	9469	
2430	pasaporte	9467	
2431	golf	9456	
2432	betty	9454	?
2433	imaginación	9448	
2434	diseño	9446	
2435	ross	9444	?
2436	alternativa	9439	
2437	tradición	9439	
2438	complejo	9438	
2439	dylan	9436	?
2440	tubo	9436	
2441	treinta	9426	
2442	gordon	9418	?
2443	adonde	9417	?
2444	tensión	9417	
2445	jesse	9414	?
2446	do	9411	
2447	novela	9404	
2448	secreta	9403	
2449	comisaría	9402	
2450	pulso	9399	
2451	japón	9392	
2452	hitler	9390	?
2453	temporal	9390	
2454	anne	9387	?
2455	suspender	9387	
2456	patrulla	9372	
2457	hambriento	9369	
2458	eva	9360	?
2459	gallina	9359	
2460	rusia	9357	
2461	unión	9355	
2462	borde	9350	
2463	delicado	9342	
2464	oliver	9337	?
2465	actriz	9332	
2466	roy	9330	?
2467	combustible	9325	
2468	dias	9314	?
2469	charlotte	9308	?
2470	cerebral	9306	
2471	marie	9303	?
2472	mmm	9302	?
2473	igualmente	9286	
2474	anotar	9244	
2475	katie	9236	?
2476	razonable	9233	
2477	deme	9231	?
2478	consumir	9229	
2479	niñera	9225	
2480	parker	9220	?
2481	nathan	9218	?
2482	posiblemente	9212	
2483	mago	9201	
2484	aliento	9188	
2485	imperio	9187	
2486	musical	9185	
2487	áfrica	9184	?
2488	productor	9157	
2489	construcción	9148	
2490	ideal	9138	
2491	ánimo	9136	
2492	activar	9134	
2493	tarta	9131	
2494	st	9129	?
2495	lectura	9128	
2496	pendiente	9126	
2497	petición	9125	
2498	cabaña	9121	
2499	detectar	9121	
2500	naturalmente	9113	
2501	perfil	9101	
2502	rubia	9097	
2503	similar	9088	
2504	fracasar	9088	
2505	jay	9086	?
2506	muestra	9078	
2507	wilson	9075	?
2508	naranja	9064	
2509	interpretar	9062	
2510	cantante	9060	
2511	cartel	9058	
2512	on	9056	?
2513	frankie	9054	?
2514	españa	9050	?
2515	estrategia	9046	
2516	calidad	9043	
2517	molestia	9043	
2518	frecuencia	9038	
2519	egoísta	9031	
2520	guión	9026	
2521	fastidiar	9022	
2522	célula	9018	
2523	duque	9017	
2524	sinceramente	8992	
2525	lewis	8992	?
2526	raíz	8987	
2527	chloe	8986	?
2528	religión	8977	
2529	campana	8975	
2530	acceder	8974	
2531	vincent	8969	?
2532	propietario	8967	
2533	cueva	8966	
2534	conservar	8962	
2535	analizar	8962	
2536	ud	8959	?
2537	divorciar	8959	
2538	escándalo	8955	
2539	presentación	8954	
2540	justin	8946	?
2541	digno	8946	
2542	jordan	8934	?
2543	falla	8934	
2544	influencia	8931	
2545	liga	8930	
2546	armada	8925	
2547	distraer	8917	
2548	capital	8911	
2549	excelencia	8910	
2550	viudo	8902	
2551	sorprendente	8900	
2552	disfraz	8896	
2553	informe	8894	
2554	expresión	8889	
2555	my	8880	
2556	doug	8879	?
2557	dominar	8878	
2558	gusano	8872	
2559	sirviente	8871	
2560	pozo	8863	
2561	vengar	8858	
2562	jean	8855	?
2563	texto	8854	
2564	pluma	8854	
2565	tio	8843	?
2566	cojón	8841	
2567	uña	8838	
2568	lealtad	8835	
2569	tiburón	8817	
2570	quebrar	8808	
2571	horario	8794	
2572	vaquero	8792	
2573	resistencia	8783	
2574	arroz	8783	
2575	alianza	8782	
2576	reciente	8780	
2577	boston	8775	?
2578	físico	8768	
2579	valle	8758	
2580	reaccionar	8755	
2581	cooper	8747	?
2582	policial	8737	
2583	explosivo	8721	
2584	educar	8716	
2585	jeremy	8714	?
2586	negociar	8709	
2587	empeorar	8701	
2588	reto	8700	
2589	gimnasio	8698	
2590	lenguaje	8691	
2591	símbolo	8688	
2592	verificar	8688	
2593	nina	8680	?
2594	exigir	8674	
2595	progreso	8670	
2596	plantar	8668	
2597	envolver	8662	
2598	acosar	8648	
2599	cole	8642	?
2600	corredor	8639	
2601	elevar	8638	
2602	religioso	8633	
2603	carol	8632	?
2604	garaje	8630	
2605	antecedente	8630	
2606	enloquecer	8627	
2607	capa	8598	
2608	nazi	8585	
2609	ooh	8582	?
2610	pasa	8581	
2611	guitarra	8581	
2612	toalla	8577	
2613	reparar	8576	
2614	big	8571	?
2615	lujo	8570	
2616	ingeniero	8565	
2617	entusiasmar	8564	
2618	confesión	8556	
2619	limpieza	8548	
2620	ratón	8545	
2621	rebecca	8539	?
2622	porquería	8538	
2623	obedecer	8534	
2624	vecindario	8531	
2625	producción	8526	
2626	gerente	8525	
2627	esforzar	8525	
2628	jessica	8524	?
2629	pulmón	8524	
2630	potencial	8523	
2631	matemática	8519	
2632	patada	8516	
2633	invertir	8516	
2634	gafar	8513	
2635	temblar	8513	
2636	habia	8510	?
2637	bombero	8509	
2638	desayunar	8504	
2639	ilusión	8503	
2640	dibujar	8496	
2641	aniversario	8494	
2642	hada	8488	
2643	diamante	8483	
2644	miller	8479	?
2645	desmayar	8472	
2646	tigre	8470	
2647	paraíso	8469	
2648	mear	8469	
2649	pleno	8466	
2650	podria	8457	?
2651	cocinero	8455	
2652	derribar	8450	
2653	lentamente	8445	
2654	breve	8441	
2655	infantil	8437	
2656	carácter	8436	
2657	pastor	8435	
2658	fiel	8429	
2659	demandar	8428	
2660	transformar	8426	
2661	casco	8423	
2662	dick	8413	?
2663	secuestro	8397	
2664	izquierdo	8384	
2665	griego	8384	
2666	rebelde	8372	
2667	medir	8358	
2668	davis	8354	?
2669	pandilla	8350	
2670	gota	8336	
2671	aldea	8333	
2672	autorizar	8326	
2673	monsieur	8322	?
2674	reemplazar	8315	
2675	miércoles	8314	?
2676	publicidad	8287	
2677	russell	8287	?
2678	todd	8280	?
2679	aliado	8280	
2680	kenny	8279	?
2681	básico	8267	
2682	pirata	8259	
2683	quince	8256	
2684	holmes	8255	?
2685	coartada	8252	
2686	prima	8241	
2687	delgado	8233	
2688	tragedia	8228	
2689	envenenar	8220	
2690	rollo	8219	
2691	sufrimiento	8216	
2692	medicamento	8211	
2693	man	8209	?
2694	ansioso	8209	
2695	testimonio	8207	
2696	escudo	8207	
2697	oración	8205	
2698	desconocido	8195	
2699	hechizo	8192	
2700	encubrir	8190	
2701	whoa	8182	?
2702	juventud	8180	
2703	hannah	8179	?
2704	marcus	8179	?
2705	cirujano	8179	
2706	ataque	8174	
2707	conclusión	8174	
2708	divino	8172	
2709	colección	8170	
2710	fatal	8166	
2711	brindar	8163	
2712	probabilidad	8162	
2713	albert	8140	?
2714	profundamente	8138	
2715	estimar	8131	
2716	mojar	8126	
2717	auxilio	8125	
2718	debilidad	8125	
2719	gris	8124	
2720	super	8121	?
2721	existencia	8120	
2722	piedad	8114	
2723	heroína	8106	
2724	receta	8102	
2725	sera	8088	
2726	impacto	8080	
2727	alfombra	8079	
2728	preso	8079	
2729	traición	8074	
2730	toby	8071	?
2731	muelle	8064	
2732	harvey	8060	?
2733	hierro	8057	
2734	rogar	8057	
2735	plástico	8056	
2736	clima	8055	
2737	calentar	8052	
2738	ios	8040	?
2739	randy	8039	?
2740	préstamo	8038	
2741	aguja	8036	
2742	dificultad	8036	
2743	urgencia	8027	
2744	inspirar	8023	
2745	blake	8019	?
2746	catherine	8019	?
2747	oficialmente	8014	
2748	cementerio	8011	
2749	deportar	8007	
2750	aguardar	8004	
2751	margaret	8003	?
2752	rumbo	8000	
2753	ian	7992	?
2754	x	7990	?
2755	repartir	7984	
2756	equipaje	7973	
2757	novato	7967	
2758	grant	7960	?
2759	multitud	7958	
2760	cavar	7957	
2761	fijo	7952	
2762	trata	7951	
2763	as	7948	
2764	sophie	7944	?
2765	idioma	7944	
2766	pico	7943	
2767	adoptar	7942	
2768	huésped	7936	
2769	oscar	7935	
2770	mayo	7923	
2771	pato	7921	
2772	adicto	7916	
2773	caos	7910	?
2774	derek	7906	?
2775	sueldo	7889	
2776	callejón	7879	
2777	verdaderamente	7875	
2778	apuñalar	7875	
2779	enhorabuena	7871	
2780	casey	7869	?
2781	embajador	7862	
2782	gramo	7858	
2783	mia	7854	?
2784	nate	7851	?
2785	tímido	7847	
2786	wayne	7839	?
2787	fracaso	7835	
2788	proceder	7834	
2789	brad	7826	?
2790	inmunidad	7823	
2791	fase	7820	
2792	insultar	7820	
2793	vital	7804	
2794	caramelo	7801	
2795	bendición	7796	
2796	instalar	7795	
2797	steven	7794	?
2798	factura	7792	
2799	estallar	7791	
2800	sujetar	7784	
2801	rifle	7780	
2802	acudir	7780	
2803	emocional	7779	
2804	poema	7775	
2805	desafortunadamente	7774	
2806	representante	7772	
2807	apresurar	7759	
2808	poli	7758	?
2809	that	7754	?
2810	elena	7752	?
2811	fascinante	7748	
2812	vince	7742	?
2813	grosero	7741	
2814	caray	7738	?
2815	ensalada	7730	
2816	stephen	7711	?
2817	olivia	7710	?
2818	nancy	7707	?
2819	jess	7706	?
2820	barba	7706	
2821	logro	7705	
2822	lou	7702	?
2823	beth	7698	?
2824	origen	7696	
2825	coraje	7695	
2826	refuerzo	7689	
2827	caridad	7684	
2828	sudar	7684	
2829	leal	7670	
2830	simpático	7665	
2831	jersey	7662	
2832	cuartel	7655	
2833	macho	7654	
2834	comisión	7647	
2835	acero	7643	
2836	soplar	7641	
2837	implicar	7640	
2838	acelerar	7640	
2839	street	7639	?
2840	descuidar	7639	
2841	continuo	7638	
2842	comunista	7638	
2843	alicia	7636	?
2844	advertencia	7635	
2845	web	7629	
2846	terror	7624	
2847	globo	7617	
2848	postre	7616	
2849	apariencia	7615	
2850	guay	7614	?
2851	sentencia	7613	
2852	americana	7607	
2853	despegar	7605	
2854	edward	7596	?
2855	corbata	7593	
2856	drama	7591	
2857	policia	7589	?
2858	pedro	7585	?
2859	cima	7579	
2860	aplauso	7579	
2861	lois	7574	?
2862	mascota	7573	
2863	chaval	7570	
2864	suelto	7547	
2865	mantente	7545	?
2866	investigador	7542	
2867	desperdiciar	7542	
2868	oxígeno	7532	
2869	jaula	7532	
2870	prioridad	7532	
2871	misil	7530	
2872	algun	7529	?
2873	michelle	7521	?
2874	reverendo	7521	
2875	fuga	7515	
2876	confuso	7515	
2877	florido	7503	
2878	rutina	7500	
2879	sordo	7499	
2880	brandon	7498	?
2881	toro	7497	
2882	ann	7494	?
2883	residencia	7487	
2884	giro	7486	
2885	salchicha	7485	
2886	ethan	7478	?
2887	miami	7478	?
2888	jugo	7472	
2889	específico	7472	
2890	lanzamiento	7466	
2891	béisbol	7460	
2892	mezcla	7458	
2893	medalla	7452	
2894	consejero	7448	
2895	intenso	7445	
2896	shawn	7443	?
2897	cincuenta	7440	?
2898	inconsciente	7439	
2899	reportero	7439	
2900	columna	7428	
2901	continuación	7422	
2902	materia	7418	
2903	técnico	7416	
2904	electricidad	7413	
2905	estructura	7413	
2906	habitual	7408	
2907	etapa	7391	
2908	ellen	7379	?
2909	cabra	7375	
2910	centímetro	7375	
2911	alli	7373	?
2912	plazo	7370	
2913	pisar	7370	
2914	atascar	7367	
2915	éi	7365	?
2916	completar	7365	
2917	once	7352	
2918	condena	7352	
2919	presa	7349	
2920	destinar	7347	
2921	aparato	7344	
2922	pudrir	7340	
2923	revés	7334	
2924	circo	7326	
2925	west	7322	?
2926	aplicar	7309	
2927	romance	7304	
2928	guardián	7297	
2929	extraterrestre	7296	
2930	victor	7295	?
2931	cabina	7294	
2932	keith	7291	?
2933	festival	7291	
2934	destrucción	7289	
2935	teddy	7288	?
2936	bicho	7285	
2937	martha	7281	?
2938	ana	7280	
2939	porno	7266	?
2940	tejer	7263	
2941	química	7249	
2942	conflicto	7247	
2943	historial	7246	
2944	década	7238	
2945	sue	7224	?
2946	fabricar	7224	
2947	jesucristo	7223	?
2948	cuñado	7219	
2949	caber	7215	
2950	caroline	7213	?
2951	autor	7213	
2952	jacob	7210	?
2953	recepción	7210	
2954	mosca	7210	
2955	instrumento	7210	
2956	elefante	7205	
2957	caramba	7203	
2958	picar	7199	
2959	marshall	7197	?
2960	maquillaje	7197	
2961	sólido	7192	
2962	conjunto	7187	
2963	tremendo	7182	
2964	colonia	7181	
2965	liz	7180	?
2966	escala	7173	
2967	inversión	7173	
2968	gus	7170	?
2969	joseph	7168	?
2970	torturar	7167	
2971	excitar	7165	
2972	competir	7161	
2973	respiración	7154	
2974	mickey	7153	?
2975	galaxia	7147	
2976	invisible	7134	
2977	delincuente	7134	
2978	estacionamiento	7132	
2979	cicatriz	7132	
2980	obsesionar	7123	
2981	protocolo	7116	
2982	marica	7116	
2983	ejecutivo	7113	
2984	diana	7111	
2985	síntoma	7108	
2986	posesión	7106	
2987	fino	7104	
2988	infancia	7103	
2989	araña	7089	
2990	mediodía	7087	
2991	derramar	7084	
2992	young	7083	?
2993	músico	7080	
2994	instalación	7075	
2995	mantequilla	7067	
2996	lesbiana	7065	
2997	constante	7064	
2998	celo	7062	
2999	infeliz	7060	
3000	francamente	7056	
3001	ganancia	7049	
3002	canto	7048	
3003	ceniza	7045	
3004	jennifer	7043	?
3005	agenda	7042	
3006	vago	7037	
3007	denunciar	7031	
3008	fianza	7023	
3009	transmitir	7022	
3010	píldora	7009	
3011	lanza	7000	
3012	solicitud	7000	
3013	ho	6993	?
3014	transferir	6993	
3015	angela	6991	?
3016	técnicamente	6989	
3017	testamento	6987	
3018	empacar	6984	
3019	complacer	6984	
3020	remedio	6977	
3021	prometido	6974	
3022	crítica	6973	
3023	centrar	6971	
3024	sello	6966	
3025	owen	6953	?
3026	taller	6952	
3027	dennis	6945	?
3028	católico	6944	
3029	señalar	6944	
3030	tabla	6941	
3031	estable	6936	
3032	deprimir	6933	
3033	pervertir	6932	
3034	ó	6929	?
3035	septiembre	6926	
3036	referencia	6924	
3037	obligación	6922	
3038	queria	6919	?
3039	período	6910	
3040	sector	6908	
3041	berlín	6907	?
3042	semilla	6905	
3043	suministro	6905	
3044	escolar	6904	
3045	región	6901	
3046	spencer	6900	?
3047	conducta	6894	
3048	rango	6893	
3049	grita	6889	
3050	ruth	6876	?
3051	academia	6874	
3052	psiquiatra	6873	
3053	sobra	6866	
3054	rob	6857	
3055	malcolm	6855	?
3056	arco	6850	
3057	so	6846	?
3058	satélite	6846	
3059	maduro	6844	
3060	atento	6842	
3061	oveja	6836	
3062	saludable	6835	
3063	graduar	6834	
3064	casino	6833	
3065	doblar	6828	
3066	abril	6826	
3067	excepción	6826	
3068	engaño	6821	
3069	función	6818	
3070	williams	6813	?
3071	perrito	6807	
3072	bárbaro	6801	
3073	virginia	6790	
3074	población	6789	
3075	holly	6786	?
3076	jonathan	6784	?
3077	champán	6783	
3078	criado	6780	
3079	marinero	6780	
3080	cortina	6780	
3081	oculto	6770	
3082	músculo	6767	
3083	walker	6766	?
3084	tiroteo	6760	
3085	hoyo	6757	
3086	extremadamente	6756	
3087	agregar	6745	
3088	artificial	6740	
3089	insecto	6731	
3090	editor	6730	
3091	junio	6728	
3092	cráneo	6728	
3093	trono	6723	
3094	temor	6722	
3095	novedad	6721	
3096	enano	6712	
3097	yeah	6708	?
3098	potencia	6708	
3099	micrófono	6708	
3100	paular	6704	
3101	aconsejar	6696	
3102	tirador	6695	
3103	fraude	6686	
3104	traficante	6686	
3105	matthew	6680	?
3106	individuo	6679	
3107	horno	6678	
3108	increíblemente	6674	
3109	astuto	6671	
3110	ví	6669	?
3111	willie	6667	?
3112	quinn	6663	?
3113	rama	6662	
3114	paris	6661	?
3115	inicial	6661	
3116	estatua	6657	
3117	louise	6653	?
3118	tortura	6651	
3119	carrie	6650	?
3120	afirmar	6649	
3121	estatal	6646	
3122	manta	6646	
3123	órgano	6645	
3124	independiente	6638	
3125	ali	6636	?
3126	presupuesto	6635	
3127	latir	6632	
3128	autopsia	6628	
3129	villa	6621	
3130	bañar	6620	
3131	condicional	6614	
3132	casero	6609	
3133	zoe	6603	?
3134	josé	6599	?
3135	infectar	6598	
3136	harold	6593	?
3137	elliot	6592	?
3138	cuidadoso	6592	
3139	ruina	6592	
3140	chupar	6592	
3141	lesión	6591	
3142	concepto	6589	
3143	ashley	6588	?
3144	escuadrón	6582	
3145	francis	6581	?
3146	gravedad	6580	
3147	cajón	6571	
3148	reconocimiento	6568	
3149	ayuda	6564	
3150	lane	6560	?
3151	ken	6560	?
3152	buscarla	6560	
3153	gesto	6560	
3154	am	6557	?
3155	lana	6554	
3156	shane	6553	?
3157	cafetería	6547	
3158	anónimo	6546	
3159	avance	6545	
3160	emborrachar	6545	
3161	espantoso	6543	
3162	diane	6542	?
3163	estrés	6541	
3164	césar	6540	
3165	copiar	6535	
3166	em	6534	?
3167	motel	6534	
3168	descripción	6534	
3169	hilo	6530	
3170	furgoneta	6525	
3171	salario	6520	
3172	hill	6519	?
3173	doloroso	6513	
3174	programar	6512	
3175	fallecer	6507	
3176	transmisión	6503	
3177	trauma	6501	
3178	pacífico	6501	
3179	white	6495	?
3180	ubicación	6493	
3181	maya	6492	
3182	petróleo	6486	
3183	impulso	6486	
3184	desviar	6484	
3185	injusto	6482	
3186	corresponder	6480	
3187	comando	6478	
3188	fallo	6477	
3189	neil	6473	?
3190	jin	6469	?
3191	civilización	6463	
3192	watson	6456	?
3193	natalie	6454	?
3194	polla	6454	
3195	escupir	6449	
3196	dosis	6448	?
3197	mexicano	6442	
3198	fenómeno	6441	
3199	aproximadamente	6437	
3200	atropellar	6434	
3201	convenir	6430	
3202	testificar	6424	
3203	diego	6415	?
3204	harris	6409	?
3205	lejano	6409	
3206	dorar	6405	
3207	masaje	6395	
3208	tomate	6395	
3209	soviético	6395	
3210	conversar	6393	
3211	vagabundo	6382	
3212	irlandés	6376	
3213	horror	6375	
3214	retraso	6372	
3215	acento	6371	
3216	perspectiva	6369	
3217	anthony	6368	?
3218	combinación	6368	
3219	star	6366	
3220	almohada	6366	
3221	clavar	6363	
3222	hígado	6362	
3223	gibbs	6359	?
3224	remoto	6357	
3225	capullo	6348	
3226	we	6347	?
3227	heredero	6347	
3228	inusual	6343	
3229	munición	6341	
3230	audición	6336	
3231	chip	6335	
3232	felicitar	6335	
3233	afeitar	6332	
3234	stanley	6325	?
3235	janet	6320	?
3236	miguel	6315	
3237	tierno	6314	
3238	aislar	6313	
3239	interrogatorio	6312	
3240	profesión	6311	
3241	pila	6311	
3242	estacionar	6308	
3243	octubre	6307	
3244	dificil	6302	?
3245	ingreso	6300	
3246	suizo	6297	
3247	interferir	6297	
3248	bate	6295	
3249	christine	6289	?
3250	hollar	6287	
3251	karl	6284	?
3252	cómplice	6284	
3253	pablo	6275	
3254	dió	6270	?
3255	quizas	6269	?
3256	exposición	6269	
3257	cohete	6264	
3258	emitir	6263	
3259	universitario	6261	
3260	norman	6252	?
3261	lápiz	6252	
3262	lincoln	6249	?
3263	inclinar	6249	
3264	connor	6248	?
3265	julian	6246	?
3266	raya	6238	
3267	cigarro	6235	
3268	luchador	6231	
3269	cocaína	6230	
3270	ritual	6230	
3271	multa	6230	
3272	profundidad	6230	
3273	puño	6230	
3274	marihuana	6222	
3275	congreso	6219	
3276	donar	6213	
3277	flotar	6210	
3278	espiritual	6202	
3279	abeja	6201	
3280	granjero	6200	
3281	alguacil	6198	
3282	líquido	6196	
3283	pensión	6189	
3284	infección	6185	
3285	liam	6180	?
3286	lazo	6172	
3287	graduación	6162	
3288	envío	6161	
3289	matón	6160	
3290	junior	6159	
3291	ejecución	6156	
3292	proporcionar	6146	
3293	pañuelo	6145	
3294	fanático	6144	
3295	all	6143	?
3296	mueble	6138	
3297	padrino	6136	
3298	travis	6129	?
3299	joan	6123	?
3300	raymond	6122	?
3301	reflejo	6122	
3302	supremo	6120	
3303	riley	6119	?
3304	moscú	6116	?
3305	tortuga	6112	
3306	manipular	6112	
3307	go	6111	?
3308	agachar	6107	
3309	suma	6106	
3310	tonelada	6104	
3311	house	6100	?
3312	mason	6096	?
3313	submarino	6093	
3314	inferior	6090	
3315	privilegio	6090	
3316	permanente	6086	
3317	flecha	6086	
3318	ceder	6083	
3319	luis	6076	
3320	argumento	6076	
3321	compasión	6074	
3322	cuerno	6070	
3323	exitoso	6069	
3324	masculino	6068	
3325	wendy	6066	?
3326	vidrio	6064	
3327	hábito	6064	
3328	agitar	6063	
3329	arar	6062	
3330	fama	6060	
3331	maíz	6054	
3332	conspiración	6050	
3333	campesino	6050	
3334	maria	6047	?
3335	ángulo	6047	
3336	agresivo	6046	
3337	audrey	6045	?
3338	residente	6044	
3339	green	6041	?
3340	mensajero	6040	
3341	leonard	6039	?
3342	distinguir	6038	
3343	titular	6028	
3344	huelga	6027	
3345	fluir	6024	
3346	financiero	6020	
3347	feria	6010	
3348	canadá	6009	?
3349	lógica	6008	
3350	lámpara	6007	
3351	grasa	6001	
3352	poeta	6000	
3353	bla	5998	?
3354	asociación	5995	
3355	descubrimiento	5993	
3356	compensar	5989	
3357	retrato	5985	
3358	baby	5982	?
3359	jugada	5975	
3360	von	5971	?
3361	hong	5968	?
3362	cubo	5961	
3363	desfile	5960	
3364	enfermar	5960	
3365	pasaje	5950	
3366	black	5947	?
3367	economía	5947	
3368	circuito	5946	
3369	facultad	5945	
3370	semejante	5944	
3371	etiqueta	5944	
3372	árabe	5944	
3373	selva	5942	
3374	penny	5941	?
3375	intercambio	5941	
3376	cuarenta	5936	?
3377	químico	5935	
3378	ballena	5930	
3379	aterrador	5929	
3380	afecto	5927	
3381	lente	5926	
3382	tracy	5925	?
3383	pega	5925	
3384	evan	5921	?
3385	seth	5919	?
3386	agosto	5916	
3387	juramento	5914	
3388	electrónico	5914	
3389	logan	5913	?
3390	corregir	5912	
3391	ministerio	5910	
3392	gabriel	5908	?
3393	vodka	5908	
3394	asignar	5908	
3395	dí	5907	?
3396	re	5906	
3397	perfume	5904	
3398	brindis	5897	?
3399	autopista	5894	
3400	rita	5892	?
3401	dieta	5892	
3402	sindicato	5891	
3403	fortaleza	5890	
3404	actualmente	5884	
3405	riqueza	5877	
3406	visitante	5875	
3407	colin	5874	?
3408	bobo	5874	
3409	radiación	5872	
3410	múltiple	5872	
3411	entretener	5871	
3412	navegar	5869	
3413	objeción	5866	
3414	vietnam	5862	?
3415	batman	5861	?
3416	abuso	5856	
3417	ralph	5855	?
3418	alfa	5850	
3419	cuarta	5849	
3420	allison	5848	?
3421	constantemente	5844	
3422	psicópata	5843	
3423	crítico	5836	
3424	poesía	5835	
3425	calcular	5833	
3426	bart	5832	?
3427	económico	5832	
3428	todavia	5828	?
3429	costilla	5821	
3430	digital	5821	
3431	kitty	5820	?
3432	bigote	5819	
3433	kong	5817	?
3434	ford	5817	?
3435	shh	5816	?
3436	autorización	5815	
3437	freno	5815	
3438	sammy	5808	?
3439	deportivo	5802	
3440	invadir	5794	
3441	captar	5793	
3442	desaparición	5791	
3443	álbum	5791	
3444	protector	5791	
3445	sexto	5790	
3446	incapaz	5789	
3447	ataúd	5781	
3448	tristeza	5778	
3449	cachorro	5778	
3450	cálido	5768	
3451	creación	5767	
3452	presentimiento	5763	
3453	almirante	5762	
3454	craig	5758	?
3455	prender	5758	
3456	warren	5756	?
3457	comedia	5754	
3458	ebrio	5754	
3459	evidente	5749	
3460	calcetín	5747	
3461	nelson	5745	?
3462	noviembre	5744	
3463	escritura	5738	
3464	ingresar	5730	
3465	admirador	5727	
3466	mochila	5720	
3467	repugnante	5712	
3468	licor	5711	
3469	tolerar	5711	
3470	eternidad	5705	
3471	earl	5698	?
3472	paige	5696	?
3473	rancho	5694	
3474	comedor	5694	
3475	deporte	5691	
3476	provenir	5690	
3477	sra	5687	?
3478	barbar	5686	
3479	marrón	5686	
3480	rival	5684	
3481	cretino	5683	
3482	isabel	5682	?
3483	biológico	5681	
3484	especialista	5677	
3485	ee	5676	?
3486	global	5675	
3487	lauren	5672	?
3488	manual	5672	
3489	v	5666	?
3490	vagina	5661	
3491	águila	5658	
3492	cuero	5656	
3493	procesar	5656	
3494	corea	5654	
3495	sandy	5653	?
3496	kurt	5650	?
3497	adrian	5644	?
3498	kent	5641	?
3499	costo	5640	
3500	marzo	5639	
3501	formación	5636	
3502	conquistar	5636	
3503	gatillo	5635	
3504	azar	5635	
3505	soledad	5635	
3506	maricón	5633	
3507	fiar	5632	
3508	curva	5631	
3509	dignidad	5628	
3510	volante	5625	
3511	merced	5624	
3512	aaron	5623	?
3513	certificado	5614	
3514	chiflado	5614	
3515	duncan	5612	?
3516	generalmente	5610	
3517	numerar	5609	
3518	comercio	5605	
3519	humilde	5605	
3520	homosexual	5600	
3521	administración	5599	
3522	margen	5597	
3523	inesperado	5596	
3524	riñón	5594	
3525	vulnerable	5593	
3526	eli	5592	?
3527	hueco	5589	
3528	ídolo	5585	
3529	cooperar	5582	
3530	estelar	5579	
3531	plataforma	5578	
3532	nido	5571	
3533	rana	5564	
3534	sobrio	5564	
3535	clan	5563	
3536	mafia	5562	
3537	radar	5562	
3538	componer	5562	
3539	trágico	5561	
3540	mel	5557	?
3541	bandido	5553	
3542	pop	5552	
3543	jenna	5546	?
3544	siesta	5540	
3545	nicole	5532	?
3546	shock	5528	
3547	heather	5528	?
3548	for	5523	?
3549	your	5521	?
3550	abusar	5519	
3551	mitchell	5518	?
3552	mercancía	5518	
3553	ronnie	5516	?
3554	visual	5516	
3555	tumor	5514	
3556	embajada	5503	
3557	love	5501	?
3558	debbie	5496	?
3559	malentendido	5496	
3560	asar	5496	
3561	harper	5492	?
3562	creativo	5488	
3563	silencioso	5486	
3564	saluda	5485	
3565	otoño	5484	
3566	observación	5482	
3567	coro	5479	
3568	atmósfera	5475	
3569	embarazo	5474	
3570	rabia	5473	
3571	martillo	5468	
3572	desorden	5466	
3573	galería	5461	
3574	mitch	5460	?
3575	debate	5458	
3576	tenso	5454	
3577	pa	5448	?
3578	stone	5443	?
3579	maletín	5441	
3580	falda	5439	
3581	adaptar	5439	
3582	fotógrafo	5436	
3583	creencia	5433	
3584	dimensión	5432	
3585	correctamente	5430	
3586	espiar	5430	
3587	detestar	5429	
3588	postal	5427	
3589	tradicional	5425	
3590	mecánico	5424	
3591	europeo	5422	
3592	tapa	5419	
3593	masivo	5419	
3594	apuro	5417	
3595	sugerencia	5416	
3596	ausencia	5413	
3597	transportar	5412	
3598	bonnie	5410	?
3599	diciembre	5408	
3600	graham	5406	?
3601	na	5403	?
3602	barón	5401	
3603	jodidamente	5397	
3604	bloque	5395	
3605	húmedo	5390	
3606	euro	5388	
3607	cerradura	5387	
3608	reclamar	5386	
3609	pesada	5380	
3610	susto	5379	
3611	garantía	5379	
3612	megan	5376	?
3613	paloma	5373	
3614	barney	5372	?
3615	tobillo	5371	
3616	circular	5369	
3617	sirena	5358	
3618	beca	5356	
3619	pierre	5353	?
3620	leslie	5353	?
3621	turista	5347	
3622	sándwich	5345	?
3623	talla	5343	
3624	humillar	5343	
3625	sábana	5336	
3626	murphy	5335	?
3627	burro	5328	
3628	nora	5327	?
3629	muchísimas	5324	?
3630	bo	5323	?
3631	timbre	5318	
3632	rudo	5317	
3633	sacudir	5315	
3634	ji	5314	
3635	explorar	5314	
3636	servidor	5308	
3637	vena	5305	
3638	hemorragia	5301	
3639	histórico	5298	
3640	revolver	5298	
3641	inyección	5296	
3642	confusión	5295	
3643	primario	5284	
3644	vergonzoso	5282	
3645	occidental	5282	
3646	daisy	5281	?
3647	celebración	5278	
3648	campeonato	5273	
3649	cardíaco	5273	
3650	condenado	5261	
3651	amoroso	5256	
3652	be	5252	?
3653	goma	5252	
3654	propina	5248	
3655	gina	5247	?
3656	gobernar	5247	
3657	cordero	5241	
3658	república	5238	
3659	menú	5236	
3660	matrícula	5235	
3661	ácido	5234	
3662	combatir	5233	
3663	kang	5232	?
3664	tenis	5231	?
3665	cifra	5230	
3666	cálculo	5230	
3667	brenda	5226	?
3668	chase	5225	?
3669	r	5224	?
3670	iris	5222	?
3671	superman	5221	?
3672	burbuja	5219	
3673	test	5218	
3674	philip	5213	?
3675	modal	5212	
3676	concreto	5212	
3677	suicida	5211	
3678	edición	5210	
3679	fugitivo	5209	
3680	seda	5206	
3681	consulta	5203	
3682	orilla	5202	
3683	mariposa	5200	
3684	sellar	5198	
3685	collins	5193	?
3686	wade	5191	?
3687	phoebe	5189	?
3688	jules	5189	?
3689	ellie	5188	?
3690	telegrama	5183	
3691	norteamericano	5181	
3692	jen	5179	?
3693	israel	5174	?
3694	halar	5172	
3695	definir	5170	
3696	gil	5168	
3697	walt	5166	?
3698	cosecha	5166	
3699	carla	5162	
3700	jill	5161	?
3701	consultar	5158	
3702	seriamente	5157	
3703	avenida	5157	
3704	dentista	5154	
3705	condón	5151	
3706	dana	5150	?
3707	bang	5150	?
3708	generar	5148	
3709	huérfano	5147	
3710	crío	5139	
3711	infinito	5139	
3712	hall	5137	
3713	ensayar	5132	
3714	prever	5127	
3715	stuart	5123	?
3716	consuelo	5121	
3717	sabiduría	5118	
3718	noel	5114	?
3719	terriblemente	5107	
3720	linear	5107	
3721	comentar	5105	
3722	sos	5099	?
3723	hare	5098	?
3724	barril	5093	
3725	volumen	5088	
3726	obstáculo	5087	
3727	aficionado	5084	
3728	angeles	5083	?
3729	pense	5079	?
3730	cuestionar	5079	
3731	judicial	5074	
3732	enero	5073	
3733	sensor	5071	
3734	clay	5070	?
3735	espectacular	5068	
3736	estrellar	5067	
3737	defecto	5065	
3738	what	5061	?
3739	clavo	5057	
3740	obrero	5056	
3741	cadera	5050	
3742	cesar	5045	
3743	sierra	5040	
3744	hembra	5034	
3745	podrir	5033	
3746	allen	5030	?
3747	teresa	5028	
3748	justificar	5028	
3749	justa	5018	
3750	mansión	5017	
3751	uu	5015	?
3752	salvador	5015	
3753	regular	5014	
3754	alcohólico	5014	
3755	turco	5013	
3756	bañera	5005	
3757	boy	5003	?
3758	aterrorizar	5002	
3759	táctica	4999	
3760	pat	4995	?
3761	denuncia	4995	
3762	australia	4994	?
3763	orar	4993	
3764	taco	4992	
3765	diamantar	4986	
3766	april	4985	?
3767	canalla	4985	
3768	imponer	4980	
3769	suegro	4979	
3770	incorrecto	4977	
3771	deberia	4976	?
3772	danza	4976	
3773	desafiar	4974	
3774	tara	4973	
3775	christopher	4973	?
3776	vicepresidente	4972	
3777	marino	4971	
3778	seca	4968	
3779	confidencial	4968	
3780	granada	4962	
3781	bruno	4961	
3782	citar	4961	
3783	soo	4957	?
3784	acusado	4956	
3785	mario	4955	?
3786	vic	4954	?
3787	salva	4951	
3788	manhattan	4948	?
3789	torta	4946	
3790	musulmán	4946	
3791	kennedy	4942	?
3792	zombi	4940	
3793	agresión	4938	
3794	secuencia	4938	
3795	island	4937	?
3796	brooklyn	4931	?
3797	seguida	4931	
3798	disposición	4925	
3799	distracción	4925	
3800	privacidad	4923	
3801	ambición	4923	
3802	ll	4922	?
3803	balón	4922	
3804	combinar	4921	
3805	apetito	4920	
3806	partícula	4920	
3807	tela	4920	
3808	recuperación	4918	
3809	lawrence	4912	?
3810	andrea	4910	?
3811	escalar	4909	
3812	arrogante	4908	
3813	curtis	4898	?
3814	perla	4898	
3815	benny	4893	?
3816	booth	4889	?
3817	pam	4889	?
3818	afortunadamente	4888	
3819	seno	4885	
3820	chance	4884	?
3821	tokio	4881	?
3822	vanessa	4879	?
3823	linterna	4875	
3824	ned	4874	?
3825	miseria	4871	
3826	honorable	4870	
3827	franklin	4868	
3828	halloween	4868	?
3829	donald	4868	?
3830	contraseña	4868	
3831	niebla	4865	
3832	cal	4861	
3833	tejado	4858	
3834	atrasar	4858	
3835	vamonos	4856	?
3836	íntimo	4852	
3837	turner	4851	?
3838	pañal	4849	
3839	morar	4841	
3840	estricto	4839	
3841	crane	4837	?
3842	simpson	4835	?
3843	descartar	4828	
3844	oido	4825	?
3845	rehabilitación	4825	
3846	increible	4825	?
3847	long	4822	?
3848	polo	4817	
3849	ascenso	4814	
3850	ficha	4814	
3851	anderson	4812	?
3852	neumático	4812	
3853	asociado	4811	
3854	samantha	4808	?
3855	denise	4800	?
3856	cabrear	4799	
3857	explorador	4797	
3858	blue	4793	?
3859	chimenea	4793	
3860	dolar	4793	
3861	rapido	4788	?
3862	descargar	4787	
3863	angel	4786	?
3864	portero	4783	
3865	woo	4782	?
3866	brasil	4782	
3867	brigada	4782	
3868	freddie	4780	?
3869	asistencia	4779	
3870	definitivo	4779	
3871	nudo	4777	
3872	ajá	4776	?
3873	fractura	4775	
3874	previo	4766	
3875	coca	4762	
3876	ingenuo	4762	
3877	lotería	4760	
3878	sobreviviente	4757	
3879	aca	4756	?
3880	bondad	4756	
3881	pantano	4754	
3882	connie	4751	?
3883	limón	4743	
3884	herencia	4742	
3885	vano	4739	
3886	patria	4738	
3887	negociación	4738	
3888	obligado	4738	
3889	muñeco	4735	
3890	esencial	4731	
3891	drew	4726	?
3892	criticar	4724	
3893	vió	4723	?
3894	excitante	4723	
3895	villano	4722	
3896	enseña	4721	
3897	liberación	4720	
3898	pesa	4713	
3899	duke	4707	?
3900	agalla	4707	
3901	cindy	4706	?
3902	estrecho	4706	
3903	hunter	4705	?
3904	bancario	4701	
3905	ascender	4701	
3906	corte	4696	
3907	derrota	4691	
3908	may	4689	?
3909	coco	4689	
3910	pintor	4689	
3911	necesariamente	4688	
3912	torneo	4688	
3913	precaución	4687	
3914	torpe	4686	
3915	hacha	4685	
3916	cameron	4681	?
3917	amplio	4678	
3918	nuez	4675	
3919	sydney	4671	?
3920	estándar	4669	
3921	dentar	4663	
3922	anfitrión	4662	
3923	trofeo	4661	
3924	cómico	4661	
3925	misa	4660	
3926	gene	4659	?
3927	manga	4657	
3928	baker	4649	?
3929	rincón	4648	
3930	condesa	4647	
3931	ópera	4647	
3932	joy	4641	?
3933	mejilla	4641	
3934	rory	4639	?
3935	pálido	4638	
3936	paranoico	4636	
3937	equilibrio	4634	
3938	jabón	4634	
3939	trevor	4633	?
3940	renta	4633	
3941	certeza	4629	
3942	ardiente	4626	
3943	barrera	4626	
3944	bodega	4625	
3945	supervivencia	4624	
3946	vapor	4623	
3947	can	4616	
3948	melissa	4616	?
3949	protesta	4614	
3950	ias	4613	?
3951	aterrizaje	4612	
3952	little	4607	?
3953	introducir	4607	
3954	periodo	4604	
3955	acertar	4604	
3956	iluminar	4604	
3957	insinuar	4603	
3958	tabaco	4600	
3959	top	4596	
3960	victimar	4591	
3961	coordenada	4590	
3962	automóvil	4589	
3963	oficio	4587	
3964	contenedor	4585	
3965	judy	4584	?
3966	cortesía	4584	
3967	campus	4581	?
3968	crucero	4578	
3969	bingo	4576	
3970	j	4574	?
3971	detención	4573	
3972	chan	4567	?
3973	concentración	4567	
3974	severo	4566	
3975	terapeuta	4563	
3976	ajedrez	4562	
3977	mocoso	4561	
3978	bono	4561	
3979	transferencia	4560	
3980	votación	4559	
3981	tumbar	4558	
3982	estadio	4557	
3983	democracia	4555	
3984	ahorro	4555	
3985	funcionario	4554	
3986	supervisor	4553	
3987	varón	4547	
3988	comprador	4547	
3989	papeleo	4546	
3990	enfriar	4546	
3991	sid	4544	?
3992	versar	4542	
3993	invasión	4541	
3994	maldad	4539	
3995	razon	4538	?
3996	núcleo	4536	
3997	portal	4535	
3998	seattle	4530	?
3999	insulto	4528	
4000	enfermería	4526	
4001	jung	4526	?
4002	ancho	4525	
4003	veterano	4524	
4004	reventar	4521	
4005	asaltar	4516	
4006	secar	4515	
4007	estabamos	4514	?
4008	neal	4513	?
4009	corrupto	4512	
4010	brutal	4511	
4011	suite	4510	
4012	oir	4509	?
4013	christian	4507	?
4014	estirar	4507	
4015	tropezar	4506	
4016	chaleco	4503	
4017	racista	4503	
4018	guy	4499	?
4019	portátil	4498	
4020	mudo	4496	
4021	presumir	4496	
4022	vestuario	4494	
4023	recto	4493	
4024	pis	4492	
4025	difunto	4492	
4026	troy	4490	?
4027	ciclo	4490	
4028	gorra	4489	
4029	bailey	4485	?
4030	carbón	4485	
4031	disfrazar	4485	
4032	sandra	4480	?
4033	katherine	4478	?
4034	atracción	4478	
4035	medicación	4477	
4036	kit	4474	
4037	heredar	4474	
4038	lex	4472	?
4039	entrevistar	4472	
4040	nicky	4469	?
4041	seguidor	4468	
4042	alison	4467	?
4043	jan	4467	
4044	flash	4465	
4045	zach	4464	?
4046	barro	4462	
4047	jazz	4461	
4048	pijama	4461	
4049	amber	4459	?
4050	cleveland	4458	?
4051	séptimo	4457	
4052	brooke	4452	?
4053	drake	4450	?
4054	kirk	4448	?
4055	billetero	4448	
4056	claudia	4446	?
4057	bruto	4442	
4058	formulario	4441	
4059	quirófano	4440	
4060	carmen	4438	
4061	margarita	4438	
4062	dinosaurio	4433	
4063	ego	4432	
4064	asesor	4431	
4065	madison	4430	?
4066	freddy	4425	?
4067	repasar	4424	
4068	puñado	4423	
4069	meg	4421	?
4070	factor	4421	
4071	harrison	4417	?
4072	terremoto	4414	
4073	vínculo	4413	
4074	sheila	4412	?
4075	bus	4411	
4076	escondite	4411	
4077	sentimental	4411	
4078	intacto	4410	
4079	depresión	4409	
4080	presente	4401	
4081	bahía	4401	
4082	lira	4401	
4083	automático	4401	
4084	mito	4400	
4085	batir	4400	
4086	récord	4398	
4087	ayuntamiento	4397	
4088	furia	4397	
4089	eve	4386	?
4090	virtud	4383	
4091	frágil	4382	
4092	fragmento	4382	
4093	suplico	4380	
4094	with	4380	?
4095	inmortal	4378	
4096	stella	4376	?
4097	sustancia	4376	
4098	ii	4374	?
4099	espléndido	4374	
4100	bandeja	4373	
4101	basada	4373	
4102	astronauta	4370	
4103	ohh	4365	?
4104	ladrillo	4365	
4105	aproximar	4364	
4106	estrangular	4364	
4107	film	4363	
4108	mick	4361	?
4109	filosofía	4360	
4110	descender	4360	
4111	inevitable	4359	
4112	relleno	4358	
4113	naomi	4357	?
4114	supuestamente	4355	
4115	veredicto	4354	
4116	revisión	4353	
4117	marqués	4353	
4118	egipto	4350	?
4119	zack	4347	?
4120	millonario	4347	
4121	granero	4345	
4122	amistoso	4338	
4123	abordar	4336	
4124	one	4335	?
4125	garra	4334	
4126	víctor	4333	?
4127	jon	4332	?
4128	supermercado	4328	
4129	dawson	4326	?
4130	oriente	4324	
4131	alexander	4320	?
4132	won	4320	
4133	psicológico	4320	
4134	manada	4319	
4135	alla	4318	?
4136	shaw	4316	?
4137	lloyd	4316	?
4138	adams	4315	?
4139	intelectual	4311	
4140	yate	4309	
4141	rubio	4306	
4142	cebolla	4305	
4143	generador	4303	
4144	irene	4301	?
4145	institución	4300	
4146	becky	4299	?
4147	subasta	4299	
4148	cualidad	4296	
4149	ruby	4295	?
4150	harvard	4295	?
4151	choi	4294	?
4152	rosie	4294	?
4153	convención	4294	
4154	georgia	4293	?
4155	bernard	4292	?
4156	valorar	4292	
4157	ligar	4291	
4158	lunar	4290	
4159	valentín	4289	?
4160	envejecer	4286	
4161	categoría	4285	
4162	marea	4284	
4163	armadura	4282	
4164	gitano	4281	
4165	operador	4280	
4166	fórmula	4276	
4167	artístico	4275	
4168	reed	4273	?
4169	corrección	4271	
4170	glorioso	4271	
4171	derretir	4265	
4172	sentido	4264	
4173	this	4261	?
4174	especialidad	4261	
4175	refresco	4261	
4176	gallo	4260	
4177	adir	4259	
4178	palmer	4256	
4179	inmenso	4253	
4180	predecir	4252	
4181	miranda	4251	
4182	órbita	4251	
4183	drogadicto	4251	
4184	discreto	4250	
4185	viajero	4249	
4186	seducir	4248	
4187	portada	4247	
4188	sharon	4242	?
4189	hervir	4238	
4190	caravana	4237	
4191	perry	4236	?
4192	pronunciar	4236	
4193	tambor	4232	
4194	arnold	4229	?
4195	secuestrador	4228	
4196	pm	4226	?
4197	gentil	4226	
4198	bell	4225	?
4199	gen	4220	
4200	derrumbar	4220	
4201	pacto	4219	
4202	comida	4218	
4203	polaco	4218	
4204	conveniente	4210	
4205	ie	4209	?
4206	inocencia	4206	
4207	ingenioso	4204	
4208	sanguíneo	4204	
4209	picante	4200	
4210	enfocar	4199	
4211	enlace	4195	
4212	afrontar	4195	
4213	repentino	4192	
4214	disgustar	4192	
4215	finn	4189	?
4216	concordar	4183	
4217	volador	4183	
4218	intruso	4180	
4219	febrero	4178	
4220	diplomático	4177	
4221	wallace	4175	?
4222	plaga	4174	
4223	caleb	4170	?
4224	dorothy	4170	?
4225	intervenir	4170	
4226	erar	4169	
4227	acontecimiento	4168	
4228	bud	4167	?
4229	fundación	4165	
4230	robbie	4165	?
4231	sofisticar	4165	
4232	justamente	4164	
4233	zapatilla	4161	
4234	sangriento	4161	
4235	ningun	4159	?
4236	obispo	4158	
4237	blair	4157	?
4238	aah	4156	?
4239	descuento	4156	
4240	castle	4154	?
4241	cangrejo	4150	
4242	sip	4149	?
4243	alec	4147	?
4244	filete	4147	
4245	desafortunado	4147	
4246	extraer	4146	
4247	fox	4145	?
4248	antigüedad	4145	
4249	phillip	4144	?
4250	disminuir	4143	
4251	realista	4142	
4252	cobertura	4141	
4253	wyatt	4134	?
4254	damon	4132	?
4255	pedo	4132	
4256	eeuu	4129	?
4257	tranquilidad	4128	
4258	gatito	4128	?
4259	tijera	4128	
4260	recortar	4126	
4261	patty	4125	?
4262	cepillo	4125	
4263	mo	4124	?
4264	ficción	4123	
4265	nikki	4123	?
4266	fuí	4123	?
4267	defensor	4123	
4268	quienquiera	4119	
4269	lógico	4119	
4270	disciplina	4119	
4271	rencor	4118	
4272	competición	4117	
4273	vigilante	4117	
4274	escocés	4117	
4275	noah	4115	?
4276	fibra	4115	
4277	farmacia	4114	
4278	liderar	4114	
4279	formal	4113	
4280	lydia	4111	?
4281	vulgar	4111	
4282	afganistán	4109	?
4283	bata	4109	
4284	mikey	4108	?
4285	morris	4107	?
4286	shakespeare	4106	?
4287	hormiga	4106	
4288	escocia	4104	?
4289	barn	4102	
4290	hostia	4099	
4291	richie	4096	?
4292	up	4096	?
4293	aprobación	4094	
4294	jamón	4094	
4295	intercambiar	4093	
4296	enganchar	4093	
4297	gustaria	4090	?
4298	diagnóstico	4089	
4299	burke	4088	?
4300	inspiración	4087	
4301	subterráneo	4086	
4302	lindsay	4084	?
4303	donante	4084	
4304	burla	4084	
4305	desconectar	4084	
4306	houston	4081	?
4307	polis	4078	?
4308	videos	4076	?
4309	pulgar	4076	
4310	entrometer	4076	
4311	gripe	4075	
4312	cardenal	4075	
4313	fusión	4074	
4314	jesus	4071	?
4315	thompson	4071	?
4316	nativo	4064	
4317	cuba	4063	
4318	tutor	4058	
4319	crudo	4056	
4320	republicano	4055	
4321	irak	4052	?
4322	claridad	4051	
4323	hal	4050	?
4324	hans	4050	?
4325	beverly	4050	?
4326	chofer	4047	?
4327	set	4047	
4328	ejercitar	4046	
4329	establo	4044	
4330	calvo	4044	
4331	dr	4043	?
4332	físicamente	4042	
4333	africano	4042	
4334	evaluación	4041	
4335	romeo	4037	
4336	maurice	4036	?
4337	estafa	4036	
4338	pausa	4034	
4339	ingrediente	4034	
4340	marcial	4032	
4341	percibir	4029	
4342	puñetazo	4024	
4343	billón	4023	
4344	tribal	4022	
4345	atleta	4022	
4346	perímetro	4018	
4347	pierce	4017	?
4348	principalmente	4015	
4349	apestoso	4014	
4350	chispa	4006	
4351	artefacto	4006	
4352	asiático	4006	
4353	daphne	4005	?
4354	quemadura	4005	
4355	adicional	4005	
4356	sebastian	4004	?
4357	obsesión	4004	
4358	mcgee	4003	?
4359	hockey	4001	?
4360	anular	4000	
4361	barata	3998	
4362	jinete	3998	
4363	alfred	3997	?
4364	hostil	3997	
4365	codo	3996	
4366	isaac	3992	?
4367	stark	3991	?
4368	panel	3991	
4369	marear	3991	
4370	dulzura	3987	
4371	sinvergüenza	3987	
4372	doméstico	3987	
4373	tapar	3986	
4374	cosita	3980	
4375	manny	3979	?
4376	triple	3978	
4377	hondo	3977	
4378	aplicación	3976	
4379	culto	3974	
4380	blando	3974	
4381	cereal	3971	
4382	cuadrado	3969	
4383	adquirir	3969	
4384	tronco	3968	
4385	calendario	3967	
4386	idéntico	3967	
4387	amiguito	3965	?
4388	ignorante	3965	
4389	hanna	3964	?
4390	dong	3964	
4391	paisaje	3962	
4392	khan	3961	?
4393	flujo	3961	
4394	anual	3961	
4395	evidentemente	3960	
4396	joel	3959	?
4397	senado	3959	
4398	ruptura	3959	
4399	atras	3958	?
4400	bando	3958	
4401	francotirador	3958	
4402	palma	3957	
4403	er	3956	?
4404	salvación	3956	
4405	cobra	3955	
4406	baloncesto	3955	
4407	vientre	3950	
4408	jessie	3949	?
4409	yang	3948	?
4410	roll	3942	?
4411	frenar	3942	
4412	creador	3941	
4413	boyd	3940	?
4414	láser	3939	
4415	evacuar	3939	
4416	césped	3938	
4417	apasionar	3937	
4418	demorar	3936	
4419	peggy	3934	?
4420	homero	3934	?
4421	douglas	3932	?
4422	demente	3931	
4423	ansiedad	3920	
4424	retorcer	3919	
4425	yacer	3918	
4426	soborno	3913	
4427	expectativa	3912	
4428	escopeta	3910	
4429	pulgada	3910	
4430	psíquico	3909	
4431	elaine	3908	?
4432	algodón	3906	
4433	persecución	3905	
4434	jet	3897	
4435	pinchar	3897	
4436	gps	3896	?
4437	pelirrojo	3896	
4438	habitante	3895	
4439	revolucionario	3892	
4440	delatar	3892	
4441	erica	3890	?
4442	boom	3889	
4443	peluca	3888	
4444	esencia	3887	
4445	navaja	3887	
4446	renuncia	3886	
4447	interponer	3885	
4448	cuna	3882	
4449	postura	3882	
4450	apodo	3879	
4451	clasificar	3879	
4452	samuel	3878	?
4453	winston	3875	?
4454	srta	3874	?
4455	caca	3873	
4456	shirley	3873	?
4457	legalmente	3871	
4458	clyde	3871	?
4459	amargo	3870	
4460	promedio	3869	
4461	kathy	3865	?
4462	terminal	3864	
4463	refrigerador	3862	
4464	rocky	3861	?
4465	agradecimiento	3860	
4466	corporación	3859	
4467	ardilla	3857	
4468	infarto	3856	
4469	informante	3855	
4470	aborto	3853	
4471	dominio	3851	
4472	ferrocarril	3850	
4473	delantera	3849	
4474	tucker	3843	?
4475	terrestre	3842	
4476	industrial	3841	
4477	donación	3840	
4478	coser	3836	
4479	convincente	3835	
4480	decepción	3835	
4481	continente	3833	
4482	bienestar	3831	
4483	hugo	3831	?
4484	fiscalía	3830	
4485	lola	3830	?
4486	enrique	3828	?
4487	mediante	3827	
4488	profeta	3827	
4489	bishop	3826	?
4490	langosta	3823	
4491	ginebra	3821	
4492	insignificante	3819	
4493	hongo	3817	
4494	deberias	3816	?
4495	ordinario	3815	
4496	glenn	3809	?
4497	guardaespaldas	3809	?
4498	talentoso	3809	
4499	vagón	3806	
4500	monitor	3800	
4501	escoria	3798	
4502	ano	3797	
4503	sullivan	3796	?
4504	contador	3795	
4505	marta	3794	
4506	nevera	3794	
4507	exceso	3794	
4508	beach	3792	?
4509	maniobra	3792	
4510	pescador	3791	
4511	callejero	3791	
4512	usualmente	3790	
4513	bretaña	3785	?
4514	gwen	3784	?
4515	maletero	3781	
4516	externo	3781	
4517	dallar	3780	
4518	velada	3780	
4519	descarga	3780	
4520	lamentablemente	3779	
4521	verdura	3779	
4522	variar	3779	
4523	inestable	3777	
4524	tess	3775	?
4525	murray	3774	?
4526	melodía	3772	
4527	raj	3769	?
4528	excepcional	3769	
4529	leon	3766	?
4530	crecimiento	3765	
4531	serena	3764	
4532	mantenimiento	3764	
4533	televisor	3761	
4534	tinta	3760	
4535	oriental	3760	
4536	est	3757	?
4537	comerciante	3757	
4538	comisionado	3756	
4539	envidia	3752	
4540	evans	3751	?
4541	ballet	3750	
4542	literatura	3749	
4543	ahh	3749	?
4544	carson	3748	?
4545	fisher	3748	?
4546	eventualmente	3744	
4547	heleno	3744	
4548	carnicero	3744	
4549	fiona	3742	?
4550	toni	3742	?
4551	sonny	3741	?
4552	kansas	3739	?
4553	jungla	3737	
4554	indefenso	3735	
4555	documental	3734	
4556	rex	3730	?
4557	broadway	3730	?
4558	sermón	3730	
4559	misericordia	3729	
4560	cometa	3729	
4561	particularmente	3728	
4562	morgue	3728	
4563	valla	3728	
4564	gol	3727	
4565	inofensivo	3727	
4566	stefan	3726	?
4567	triunfo	3726	
4568	ai	3723	?
4569	chicle	3722	
4570	lenny	3721	?
4571	torcer	3720	
4572	improvisar	3719	
4573	corporal	3717	
4574	cajero	3716	
4575	orleans	3713	?
4576	inquieto	3713	
4577	revólver	3712	
4578	someter	3712	
4579	madrid	3711	?
4580	niñita	3710	?
4581	marge	3709	?
4582	asilo	3707	
4583	grey	3707	
4584	demostración	3704	
4585	meredith	3702	?
4586	doncella	3702	
4587	aferrar	3702	
4588	reparación	3700	
4589	buzón	3699	
4590	pecador	3699	
4591	mérito	3698	
4592	avery	3697	?
4593	bocadillo	3695	
4594	alienígena	3693	?
4595	gancho	3693	
4596	sueco	3691	
4597	piper	3688	?
4598	cuidadosamente	3686	
4599	monk	3685	?
4600	buck	3684	?
4601	letal	3684	
4602	acampar	3683	
4603	benjamin	3681	?
4604	síndrome	3680	
4605	stevie	3680	?
4606	concernir	3680	
4607	normalidad	3679	
4608	haley	3678	?
4609	legado	3677	
4610	cuervo	3677	
4611	rodeo	3677	
4612	frasco	3676	
4613	ingeniería	3675	
4614	sun	3673	?
4615	milord	3671	
4616	dee	3671	?
4617	jeffrey	3670	?
4618	foster	3669	?
4619	subestimar	3668	
4620	talvez	3667	?
4621	cam	3667	?
4622	scotty	3666	?
4623	estate	3663	?
4624	pala	3663	
4625	camello	3663	
4626	provisión	3661	
4627	dorada	3661	
4628	vaciar	3658	
4629	tour	3657	
4630	hermanito	3653	?
4631	verga	3653	
4632	suspirar	3652	
4633	penal	3652	
4634	infiel	3651	
4635	agudo	3649	
4636	li	3647	?
4637	constar	3647	
4638	tubería	3645	
4639	elvis	3641	?
4640	desperdicio	3639	
4641	acompañante	3638	
4642	randall	3635	?
4643	valerie	3634	?
4644	susurrar	3634	
4645	buddy	3631	?
4646	incendiar	3631	
4647	angie	3630	?
4648	filadelfia	3630	?
4649	alérgico	3628	
4650	hammond	3625	?
4651	inapropiado	3624	
4652	celebridad	3624	
4653	sudor	3621	
4654	sida	3620	
4655	viviente	3615	
4656	felix	3614	?
4657	sustituto	3614	
4658	sasha	3610	?
4659	halcón	3610	
4660	operativo	3602	
4661	maligno	3601	
4662	partido	3599	
4663	tendencia	3596	
4664	modesto	3595	
4665	austin	3594	?
4666	imperial	3592	
4667	imprimir	3591	
4668	mónica	3590	?
4669	get	3589	?
4670	marilyn	3588	?
4671	abar	3588	
4672	altar	3587	
4673	gorila	3587	
4674	alboroto	3584	
4675	hermandad	3582	
4676	facebook	3581	?
4677	vegetal	3581	
4678	invento	3580	
4679	individual	3580	
4680	vestíbulo	3579	
4681	cuadra	3578	
4682	espeluznante	3578	
4683	radical	3575	
4684	psiquiátrico	3575	
4685	rio	3574	?
4686	claus	3574	?
4687	alienígenas	3573	?
4688	iniciativa	3573	
4689	rudy	3572	?
4690	pito	3572	
4691	campbell	3570	?
4692	insoportable	3570	
4693	colar	3569	
4694	pobreza	3568	
4695	griffin	3567	?
4696	tenés	3565	?
4697	patinar	3564	
4698	respetable	3563	
4699	violet	3562	?
4700	regimiento	3562	
4701	christina	3561	?
4702	out	3561	?
4703	violín	3561	
4704	posar	3561	
4705	bastón	3560	
4706	reja	3558	
4707	específicamente	3556	
4708	posterior	3556	
4709	bici	3554	?
4710	bush	3554	?
4711	mejora	3552	
4712	tóxico	3552	
4713	qu	3551	?
4714	silver	3550	?
4715	cuchara	3547	
4716	flaco	3546	
4717	cha	3542	
4718	cathy	3541	?
4719	sherlock	3538	?
4720	wes	3536	?
4721	arbusto	3536	
4722	cóctel	3533	
4723	patricio	3532	
4724	embarazoso	3531	
4725	uva	3530	
4726	perfección	3529	
4727	consentimiento	3529	
4728	denny	3528	?
4729	soga	3527	
4730	chad	3525	?
4731	yoon	3525	?
4732	manchar	3525	
4733	inspección	3524	
4734	administrador	3523	
4735	apertura	3522	
4736	hurra	3521	?
4737	enterprise	3521	?
4738	latino	3520	
4739	psicólogo	3517	
4740	mutuamente	3515	
4741	homicida	3515	
4742	bennett	3511	?
4743	desarmar	3511	
4744	delta	3510	
4745	erik	3509	?
4746	refugiado	3509	
4747	reagan	3506	?
4748	edgar	3506	?
4749	singh	3504	?
4750	altamente	3503	
4751	adopción	3502	
4752	orquesta	3497	
4753	promoción	3497	
4754	cassie	3495	?
4755	cool	3495	?
4756	like	3495	?
4757	orfanato	3495	
4758	lester	3494	?
4759	dental	3494	
4760	pascua	3493	
4761	integridad	3492	
4762	melanie	3492	?
4763	intimidar	3492	
4764	resumen	3490	
4765	reese	3488	?
4766	arquitecto	3488	
4767	entretenimiento	3487	
4768	arizona	3486	?
4769	escriba	3485	
4770	tostada	3485	
4771	dwight	3484	?
4772	colchón	3484	
4773	cápsula	3483	
4774	zanahoria	3483	
4775	trueno	3482	
4776	f	3481	?
4777	k	3481	?
4778	pub	3478	
4779	firme	3477	
4780	fundamental	3475	
4781	empresario	3475	
4782	recomendación	3471	
4783	suplicar	3469	
4784	marc	3468	?
4785	baúl	3468	
4786	ambicioso	3466	
4787	stewart	3464	?
4788	contrabando	3464	
4789	boxeo	3464	
4790	yoga	3461	
4791	superviviente	3461	
4792	reggie	3459	?
4793	mulder	3459	?
4794	cocodrilo	3459	
4795	comporta	3459	
4796	hope	3458	?
4797	chi	3458	?
4798	veterinario	3458	
4799	murciélago	3458	
4800	vicky	3454	?
4801	desatar	3454	
4802	sheldon	3451	?
4803	monroe	3449	?
4804	coquetear	3449	
4805	juvenil	3448	
4806	superficial	3445	
4807	penique	3443	
4808	lena	3442	?
4809	perturbar	3442	
4810	ra	3439	?
4811	eco	3439	
4812	jorge	3438	?
4813	interruptor	3438	
4814	aparcar	3436	
4815	hermanita	3435	?
4816	fraternidad	3435	
4817	masacre	3434	
4818	localización	3433	
4819	know	3432	?
4820	mecanismo	3432	
4821	flynn	3431	?
4822	banquete	3428	
4823	parcial	3426	
4824	magnético	3426	
4825	aparentar	3425	
4826	tae	3424	?
4827	vacuna	3423	
4828	judía	3421	
4829	dawn	3421	?
4830	escáner	3421	
4831	ruidoso	3420	
4832	prevenir	3418	
4833	mulo	3416	
4834	balcón	3415	
4835	camilla	3412	
4836	lamentable	3412	
4837	motocicleta	3412	
4838	lunático	3411	
4839	monica	3409	?
4840	moore	3409	?
4841	reid	3408	?
4842	reynolds	3406	?
4843	congresista	3406	
4844	expedición	3403	
4845	carruaje	3401	
4846	lote	3401	
4847	kay	3398	?
4848	jura	3397	
4849	evolución	3395	
4850	pelotón	3394	
4851	orgánico	3394	
4852	espectro	3393	
4853	egipcio	3393	
4854	desesperación	3390	
4855	ensuciar	3390	
4856	preparación	3388	
4857	cuaderno	3388	
4858	asombrar	3385	
4859	palomita	3383	
4860	huracán	3380	
4861	brandy	3377	
4862	desgraciadamente	3376	
4863	autógrafo	3376	
4864	emboscada	3372	
4865	road	3371	?
4866	wells	3371	?
4867	reconstruir	3370	
4868	poirot	3369	?
4869	antepasado	3369	
4870	descarar	3369	
4871	amelia	3368	?
4872	matty	3366	?
4873	genética	3365	
4874	olla	3365	
4875	by	3364	?
4876	niles	3364	?
4877	cliff	3364	?
4878	flojo	3364	
4879	hara	3363	?
4880	sandwich	3363	
4881	polly	3361	?
4882	intervención	3361	
4883	saint	3360	?
4884	violador	3360	
4885	oponente	3359	
4886	hudson	3358	?
4887	gratitud	3354	
4888	cariñoso	3354	
4889	sobredosis	3350	?
4890	corazon	3350	?
4891	andre	3350	?
4892	independencia	3350	
4893	santuario	3347	
4894	diseñador	3347	
4895	estrado	3346	
4896	héctor	3343	?
4897	impaciente	3339	
4898	cuan	3337	?
4899	lizzie	3337	?
4900	representación	3337	
4901	lavandería	3336	
4902	paja	3336	
4903	ohio	3335	?
4904	buque	3335	
4905	farsa	3333	
4906	picnic	3333	
4907	fresa	3333	
4908	absorber	3333	
4909	kira	3332	?
4910	val	3332	?
4911	entorno	3332	
4912	chulo	3332	
4913	erin	3331	?
4914	arteria	3329	
4915	significativo	3329	
4916	calibre	3326	
4917	barrer	3326	
4918	calabaza	3325	
4919	ciervo	3324	
4920	colorar	3323	
4921	liar	3322	
4922	rompecabezas	3321	?
4923	frustrar	3320	
4924	dramático	3319	
4925	separación	3318	
4926	sensato	3318	
4927	tasa	3317	
4928	suposición	3317	
4929	esperma	3316	
4930	porter	3316	?
4931	bién	3316	?
4932	fundar	3316	
4933	alias	3314	?
4934	pica	3314	
4935	atómico	3313	
4936	trapo	3312	
4937	excursión	3311	
4938	hunt	3309	?
4939	reclutar	3308	
4940	ari	3307	?
4941	corrupción	3306	
4942	q	3306	?
4943	contaminar	3306	
4944	uds	3303	?
4945	rol	3303	
4946	beneficiar	3303	
4947	cheryl	3302	?
4948	tripa	3302	
4949	minero	3302	
4950	expandir	3302	
4951	hipócrita	3300	
4952	aparcamiento	3298	
4953	irrumpir	3297	
4954	ricardo	3296	?
4955	bolo	3296	
4956	cultural	3296	
4957	descifrar	3295	
4958	omar	3294	?
4959	nolan	3294	?
4960	bufete	3294	
4961	paralizar	3293	
4962	velo	3290	
4963	jonas	3289	?
4964	satisfacción	3286	
4965	have	3283	?
4966	botín	3283	
4967	asia	3282	?
4968	cooperación	3281	
4969	práctico	3281	
4970	grayson	3278	?
4971	organismo	3278	
4972	civilizar	3278	
4973	enfoque	3277	
4974	accidentalmente	3276	
4975	legítimo	3276	
4976	confiable	3274	
4977	adjunto	3274	
4978	zumo	3273	
4979	inconveniente	3271	
4980	faro	3271	
4981	peste	3268	
4982	dixon	3265	?
4983	pipa	3263	
4984	tentación	3260	
4985	complicación	3260	
4986	optimista	3256	
4987	cordón	3256	
4988	solitaria	3255	
4989	soda	3255	
4990	facil	3253	?
4991	estafador	3250	
4992	venda	3249	
4993	dj	3249	?
4994	cacería	3248	
4995	selección	3248	
4996	honestidad	3247	
4997	joyce	3247	?
4998	telefono	3246	?
4999	amabilidad	3246	
5000	espina	3245	
5001	mademoiselle	3244	?
5002	reactor	3244	
5003	coreano	3244	
5004	lava	3243	
5005	mutuo	3243	
5006	bay	3242	?
5007	mandy	3240	?
5008	residuo	3238	
5009	marine	3237	
5010	einstein	3237	?
5011	reno	3237	
5012	madrugada	3236	
5013	facial	3236	
5014	boris	3235	?
5015	escolta	3235	
5016	unico	3232	?
5017	recado	3231	
5018	champagne	3230	?
5019	sutil	3230	
5020	laurel	3229	
5021	but	3222	?
5022	woody	3220	?
5023	basurero	3219	
5024	banquero	3219	
5025	stevens	3217	?
5026	sonia	3216	?
5027	polonia	3214	?
5028	infiltrar	3214	
5029	deslizar	3214	
5030	prudente	3213	
5031	roberts	3211	?
5032	canadiense	3210	
5033	fu	3209	?
5034	ética	3209	
5035	braga	3209	
5036	roto	3207	
5037	mutante	3207	
5038	calificar	3206	
5039	género	3205	
5040	pajarito	3205	
5041	grieta	3204	
5042	otto	3202	?
5043	destacar	3201	
5044	triunfar	3196	
5045	catalina	3194	
5046	tablero	3193	
5047	cargamento	3193	
5048	aparición	3193	
5049	hamilton	3192	?
5050	bombardeo	3192	
5051	sesenta	3191	?
5052	jefferson	3190	?
5053	bauer	3189	?
5054	animador	3189	
5055	irlanda	3188	?
5056	ático	3188	
5057	inquilino	3188	
5058	volcán	3187	
5059	chisme	3187	
5060	taberna	3186	
5061	alucinación	3185	
5062	rusty	3184	?
5063	calvin	3183	?
5064	estreno	3183	
5065	definición	3182	
5066	concejal	3182	
5067	hipoteca	3182	
5068	not	3179	?
5069	banana	3179	
5070	sabroso	3179	
5071	tanner	3177	?
5072	cody	3176	?
5073	june	3175	?
5074	cucaracha	3175	
5075	remordimiento	3174	
5076	vivian	3170	?
5077	chiquillo	3170	
5078	acondicionar	3167	
5079	antorcha	3167	
5080	exhibición	3166	
5081	pirámide	3166	
5082	fundador	3165	
5083	archer	3164	?
5084	distante	3164	
5085	muslo	3163	
5086	finanzas	3162	?
5087	recta	3162	
5088	barbacoa	3162	
5089	correa	3160	
5090	ye	3159	
5091	stephanie	3158	?
5092	courtney	3158	?
5093	helada	3157	
5094	innecesario	3155	
5095	brennan	3153	?
5096	fletcher	3153	?
5097	marvin	3150	?
5098	resfriado	3146	
5099	regina	3145	?
5100	burt	3143	?
5101	theo	3141	?
5102	conserje	3141	
5103	garcía	3139	
5104	lector	3139	
5105	alá	3138	?
5106	participación	3137	
5107	ubicar	3135	
5108	cd	3133	?
5109	pino	3132	
5110	mayordomo	3130	
5111	incrementar	3129	
5112	moveos	3124	?
5113	variedad	3124	
5114	queen	3122	?
5115	chau	3119	?
5116	relevante	3118	
5117	noruego	3118	
5118	cosquillar	3117	
5119	venenoso	3116	
5120	trece	3115	?
5121	irónico	3115	
5122	brazalete	3114	
5123	beckett	3113	?
5124	interpretación	3113	
5125	feroz	3113	
5126	resbalar	3112	
5127	mrs	3111	?
5128	chantaje	3111	
5129	consistir	3111	
5130	artie	3110	?
5131	poste	3110	
5132	tarado	3110	
5133	modificar	3110	
5134	decorar	3110	
5135	negativa	3109	
5136	cory	3108	?
5137	evolucionar	3108	
5138	pulsera	3107	
5139	mandíbula	3103	
5140	mozo	3100	
5141	an	3099	?
5142	inodoro	3099	
5143	desactivar	3099	
5144	plomo	3098	
5145	deb	3098	?
5146	notable	3098	
5147	labor	3098	
5148	acechar	3098	
5149	únicamente	3096	
5150	desvanecer	3095	
5151	detroit	3094	?
5152	evelyn	3093	?
5153	conrad	3093	?
5154	limusina	3091	
5155	videojuego	3091	
5156	klaus	3090	?
5157	dexter	3090	?
5158	ancestro	3090	
5159	dinamita	3089	
5160	observador	3088	
5161	porfavor	3087	?
5162	ramo	3087	
5163	constitución	3086	
5164	cuota	3086	
5165	sabés	3085	?
5166	arturo	3085	?
5167	hee	3084	?
5168	there	3083	?
5169	todopoderoso	3082	
5170	gray	3082	
5171	peinado	3082	
5172	lake	3080	?
5173	zoológico	3080	
5174	tramposo	3080	
5175	kane	3079	?
5176	spock	3077	?
5177	sanar	3076	
5178	concluir	3075	
5179	burns	3074	?
5180	roman	3074	?
5181	bóveda	3074	
5182	tramar	3074	
5183	esqueleto	3074	
5184	diminuto	3073	
5185	parlamento	3072	
5186	progresar	3071	
5187	down	3070	?
5188	horizonte	3070	
5189	ivan	3069	?
5190	xena	3069	?
5191	cuidado	3067	
5192	hills	3067	?
5193	terrorismo	3066	
5194	carolina	3066	?
5195	embarcar	3066	
5196	crucial	3065	
5197	crack	3064	
5198	halagar	3064	
5199	pólvora	3063	
5200	decano	3063	
5201	preliminar	3063	
5202	jae	3061	?
5203	nicholas	3060	?
5204	aroma	3060	
5205	anticipar	3059	
5206	característica	3058	
5207	yen	3058	
5208	lemon	3057	?
5209	intimidad	3056	
5210	podrias	3054	?
5211	just	3053	?
5212	avanzada	3053	
5213	consideración	3053	
5214	sensual	3053	
5215	morfina	3050	
5216	pearl	3048	?
5217	hastings	3048	?
5218	ocupación	3047	
5219	spike	3046	?
5220	proveedor	3042	
5221	maldecir	3041	
5222	brady	3037	?
5223	post	3036	?
5224	east	3034	?
5225	punk	3034	
5226	aperitivo	3034	
5227	capilla	3033	
5228	despido	3033	
5229	lucky	3032	?
5230	suavemente	3030	
5231	manuel	3027	?
5232	sexualmente	3025	
5233	rezo	3024	
5234	champaña	3023	
5235	pezón	3023	
5236	esparcir	3022	
5237	mariscal	3021	
5238	gavin	3021	?
5239	brick	3020	
5240	chandler	3018	?
5241	palanca	3016	
5242	comparación	3014	
5243	indicio	3014	
5244	brody	3013	?
5245	vegetariano	3011	
5246	vivienda	3009	
5247	parásito	3008	
5248	florecer	3008	
5249	ernie	3007	?
5250	sensacional	3006	
5251	pelicula	3005	?
5252	karma	3005	
5253	agnes	3002	?
5254	ganso	3001	
5255	estupido	3000	?
5256	napoleón	2999	
5257	look	2999	
5258	deprimente	2998	
5259	tocino	2997	
5260	brett	2996	?
5261	suéter	2995	
5262	federación	2994	
5263	wang	2994	?
5264	convocar	2994	
5265	leña	2993	
5266	bond	2993	?
5267	conducto	2993	
5268	exótico	2992	
5269	sylvia	2991	?
5270	abraham	2991	?
5271	nominar	2990	
5272	chelsea	2989	?
5273	podia	2986	?
5274	holandés	2985	
5275	software	2983	?
5276	caballería	2980	
5277	arroyo	2980	
5278	herr	2979	?
5279	seleccionar	2979	
5280	fideo	2978	
5281	ausente	2977	
5282	rodney	2976	?
5283	hugh	2975	?
5284	pelar	2975	
5285	frasier	2974	?
5286	psicología	2974	
5287	finch	2974	?
5288	schmidt	2973	?
5289	calzoncillo	2971	
5290	anticuar	2971	
5291	sidney	2970	?
5292	anton	2969	?
5293	ramera	2968	
5294	sendero	2967	
5295	tentar	2967	
5296	donovan	2966	?
5297	danielle	2964	?
5298	provincia	2964	
5299	menta	2962	
5300	grecia	2960	?
5301	laboral	2960	
5302	anochecer	2960	
5303	aterrar	2959	
5304	artillería	2957	
5305	profecía	2956	
5306	south	2955	?
5307	conservador	2954	
5308	bradley	2953	?
5309	archie	2952	?
5310	fascista	2952	
5311	angustia	2951	
5312	seso	2950	
5313	espectador	2950	
5314	viena	2949	?
5315	matanza	2949	
5316	calabozo	2948	
5317	oxford	2947	?
5318	delfín	2947	
5319	michel	2946	?
5320	terraza	2946	
5321	jardinero	2944	
5322	cultivar	2943	
5323	exclusiva	2942	
5324	demora	2942	
5325	vómito	2941	
5326	aspirina	2941	
5327	afectado	2941	
5328	éso	2940	?
5329	frio	2940	?
5330	rebotar	2938	
5331	naval	2937	
5332	caminata	2937	
5333	oscurecer	2937	
5334	whoo	2934	?
5335	sofía	2932	?
5336	soplón	2932	
5337	provecho	2931	
5338	terco	2931	
5339	day	2930	?
5340	celestial	2930	
5341	despiadado	2930	
5342	detector	2929	
5343	financiar	2927	
5344	venecia	2925	?
5345	ram	2924	?
5346	mero	2924	
5347	lynn	2923	?
5348	familiarizar	2923	
5349	ash	2919	?
5350	wally	2919	?
5351	sillón	2918	
5352	estadística	2917	
5353	girl	2916	?
5354	chang	2912	?
5355	chen	2912	?
5356	dvd	2910	?
5357	visible	2910	
5358	folleto	2910	
5359	tacón	2909	
5360	apoderar	2908	
5361	claude	2907	?
5362	marcador	2906	
5363	mendigo	2906	
5364	jacques	2905	?
5365	gilbert	2904	
5366	willy	2901	?
5367	despreciable	2901	
5368	internar	2900	
5369	aislamiento	2899	
5370	cristina	2897	
5371	master	2897	
5372	manifestación	2896	
5373	incumbencia	2895	
5374	monta	2895	
5375	leve	2894	
5376	duchar	2894	
5377	extensión	2893	
5378	apos	2892	?
5379	fenomenal	2891	
5380	penetrar	2890	
5381	eficiente	2887	
5382	sustituir	2886	
5383	batallón	2885	
5384	carbono	2884	
5385	caña	2882	
5386	rogers	2881	?
5387	semestre	2881	
5388	potente	2881	
5389	javier	2880	?
5390	orgasmo	2879	
5391	hacendar	2878	
5392	cat	2877	?
5393	amigable	2877	
5394	wall	2876	?
5395	aplaudir	2876	
5396	conformar	2873	
5397	valentía	2872	
5398	was	2870	?
5399	brisa	2869	
5400	topo	2868	
5401	escalón	2867	
5402	aleluya	2865	
5403	dotar	2865	
5404	seguimiento	2864	
5405	discreción	2863	
5406	comprensión	2862	
5407	histérico	2861	
5408	vitamina	2860	
5409	gratuito	2860	
5410	tequila	2859	
5411	bernie	2859	?
5412	cultivo	2858	
5413	deberiamos	2857	?
5414	exhausto	2856	
5415	universal	2855	
5416	lider	2854	?
5417	convento	2854	
5418	inmigrante	2853	
5419	jared	2850	?
5420	kid	2850	?
5421	coña	2850	?
5422	maquinar	2849	
5423	informático	2849	
5424	gabinete	2846	
5425	blusa	2844	
5426	fríjol	2844	
5427	rich	2841	?
5428	revivir	2841	
5429	liv	2839	?
5430	cereza	2839	
5431	ellis	2837	?
5432	rellenar	2837	
5433	navideño	2837	
5434	contemplar	2837	
5435	redada	2836	
5436	mostrador	2835	
5437	precisión	2835	
5438	monumento	2835	
5439	z	2834	?
5440	laurie	2834	?
5441	manicomio	2834	
5442	sonda	2834	
5443	daga	2833	
5444	golfo	2833	
5445	finalizar	2833	
5446	cynthia	2832	?
5447	america	2831	?
5448	querés	2830	?
5449	mini	2830	?
5450	acumular	2825	
5451	enseñanza	2824	
5452	domicilio	2821	
5453	lila	2821	
5454	mineral	2821	
5455	antoine	2820	?
5456	hyun	2818	?
5457	moreno	2818	
5458	gimnasia	2817	
5459	mojada	2817	
5460	calificación	2817	
5461	ajo	2816	
5462	pinza	2816	
5463	atormentar	2816	
5464	respectar	2815	
5465	baxter	2815	?
5466	contable	2815	
5467	iván	2814	?
5468	doris	2813	?
5469	ferry	2813	
5470	reflexionar	2812	
5471	confirmación	2810	
5472	taxista	2810	
5473	atraco	2810	
5474	joshua	2809	?
5475	bombardear	2809	
5476	corporativo	2808	
5477	palestino	2807	
5478	proveer	2807	
5479	emocionalmente	2806	
5480	adicción	2804	
5481	ligeramente	2801	
5482	now	2801	?
5483	cesta	2801	
5484	injusticia	2801	
5485	mango	2801	
5486	alberto	2800	?
5487	repuesto	2800	
5488	bolígrafo	2797	
5489	convicto	2797	
5490	vagar	2797	
5491	ofensiva	2796	
5492	llanto	2795	
5493	ring	2794	
5494	chatarra	2794	
5495	disputa	2794	
5496	facilidad	2793	
5497	encarcelar	2793	
5498	sadie	2792	?
5499	aceptable	2792	
5500	vé	2791	?
5501	molino	2791	
5502	metálico	2790	
5503	contribuir	2790	
5504	lateral	2788	
5505	pillo	2788	
5506	bert	2787	?
5507	trama	2787	
5508	plátano	2787	
5509	cintura	2786	
5510	suspiro	2786	
5511	sincronización	2785	
5512	atajo	2785	
5513	barriga	2784	
5514	survivor	2784	?
5515	tenedor	2784	
5516	irrelevante	2783	
5517	régimen	2782	
5518	ward	2782	?
5519	alzar	2781	
5520	cera	2780	
5521	ostra	2780	
5522	paraguas	2776	?
5523	esfera	2776	
5524	buffy	2774	?
5525	ejemplar	2774	
5526	paradero	2772	
5527	esther	2772	?
5528	desesperadamente	2771	
5529	seminario	2771	
5530	colaborar	2770	
5531	gerald	2768	?
5532	führer	2767	?
5533	robinson	2767	?
5534	gasolinera	2767	
5535	ceja	2766	
5536	suceso	2766	
5537	baba	2765	
5538	válvula	2764	
5539	catorce	2763	?
5540	salmón	2762	
5541	liderazgo	2761	
5542	atlanta	2761	?
5543	disturbio	2760	
5544	cyrus	2759	?
5545	alojar	2757	
5546	manifestar	2756	
5547	eternamente	2752	
5548	stacy	2752	?
5549	unica	2751	?
5550	estancia	2751	
5551	rasguño	2751	
5552	filtrar	2750	
5553	american	2749	?
5554	concha	2749	
5555	problemático	2749	
5556	éxtasis	2747	?
5557	joon	2747	?
5558	dele	2747	
5559	tranquilamente	2746	
5560	elsa	2745	?
5561	camille	2744	?
5562	world	2744	?
5563	espuma	2744	
5564	humillación	2744	
5565	glen	2743	?
5566	cuarentena	2742	
5567	ejercer	2742	
5568	plegaria	2740	
5569	song	2739	?
5570	oportuno	2739	
5571	peón	2739	
5572	raptar	2739	
5573	cancha	2738	
5574	argentino	2737	
5575	protagonista	2735	
5576	afilar	2735	
5577	perdon	2734	?
5578	demócrata	2734	
5579	eleanor	2732	?
5580	susie	2732	?
5581	bum	2731	?
5582	latín	2731	
5583	intestino	2731	
5584	fanny	2730	?
5585	antena	2730	
5586	acantilado	2730	
5587	nasa	2728	
5588	billar	2728	
5589	válido	2727	
5590	desprecio	2726	
5591	mola	2726	
5592	paramédico	2724	
5593	restaurar	2724	
5594	encuesta	2724	
5595	torpedo	2723	
5596	interferencia	2722	
5597	comunitario	2722	
5598	etcétera	2722	
5599	siniestro	2722	
5600	venus	2721	?
5601	jeep	2719	
5602	nevada	2719	
5603	revelación	2718	
5604	burton	2717	?
5605	herman	2717	?
5606	walsh	2716	?
5607	hábil	2716	
5608	duende	2716	
5609	kung	2713	?
5610	desplegar	2711	
5611	oz	2710	?
5612	sátur	2710	?
5613	farmacéutico	2710	
5614	resaca	2709	
5615	ángela	2709	?
5616	got	2707	?
5617	compañia	2707	?
5618	santidad	2707	
5619	ninja	2706	?
5620	lin	2706	?
5621	monty	2705	?
5622	blues	2704	?
5623	grand	2702	?
5624	fort	2702	?
5625	capitan	2701	?
5626	protesto	2701	
5627	keller	2700	?
5628	inseguro	2700	
5629	ladrar	2696	
5630	anteojo	2695	
5631	trastorno	2694	
5632	imitar	2694	
5633	phoenix	2693	?
5634	martín	2692	?
5635	they	2691	?
5636	anomalía	2690	
5637	chile	2689	
5638	jerusalén	2686	?
5639	visar	2685	
5640	académico	2683	
5641	cabalgar	2682	
5642	peludo	2681	
5643	boxeador	2679	
5644	gráfico	2679	
5645	presenciar	2679	
5646	procurar	2678	
5647	efectivamente	2676	
5648	creyente	2676	
5649	letrero	2675	
5650	inversor	2675	
5651	aprendiz	2674	
5652	rebelión	2673	
5653	panda	2673	
5654	ternero	2673	
5655	sede	2671	
5656	proyectar	2671	
5657	ava	2670	?
5658	póquer	2670	
5659	tercio	2669	
5660	medicar	2669	
5661	cría	2668	
5662	formidable	2668	
5663	je	2667	?
5664	està	2664	?
5665	torno	2664	
5666	denver	2664	?
5667	cartero	2664	
5668	porción	2664	
5669	proteína	2664	
5670	burdel	2663	
5671	callie	2661	?
5672	verso	2661	
5673	judith	2660	?
5674	pro	2660	
5675	franz	2659	?
5676	costoso	2659	
5677	eduardo	2658	?
5678	suecia	2657	?
5679	perezoso	2657	
5680	chiquito	2656	
5681	anormal	2655	
5682	conmover	2655	
5683	estrictamente	2654	
5684	surf	2654	?
5685	nadia	2654	?
5686	trigo	2652	
5687	bofetada	2652	
5688	voltear	2652	
5689	lamer	2651	
5690	chao	2650	?
5691	timmy	2650	?
5692	envidiar	2650	
5693	tanya	2649	?
5694	milán	2648	
5695	precedente	2648	
5696	joo	2645	?
5697	despreciar	2645	
5698	malinterpretar	2644	
5699	baltimore	2643	?
5700	vero	2642	
5701	félix	2642	?
5702	fugar	2642	
5703	potter	2640	?
5704	erección	2640	
5705	hormona	2640	
5706	estanque	2638	
5707	desacuerdo	2638	
5708	perpetua	2636	
5709	liberal	2636	
5710	veloz	2634	
5711	primitivo	2634	
5712	ironía	2633	
5713	pingüino	2632	
5714	río	2631	
5715	imitación	2630	
5716	talón	2630	
5717	alaska	2629	?
5718	nacido	2628	
5719	abuelita	2627	?
5720	evacuación	2627	
5721	suero	2627	
5722	matthews	2627	?
5723	comodidad	2625	
5724	posada	2624	
5725	perverso	2624	
5726	fernando	2622	?
5727	country	2620	
5728	conmovedor	2619	
5729	casamiento	2618	
5730	comprensivo	2618	
5731	yu	2617	?
5732	alojamiento	2615	
5733	summer	2614	?
5734	bacteria	2614	
5735	culpabilidad	2613	
5736	esquí	2613	
5737	hechicero	2613	
5738	gregory	2612	?
5739	pasto	2612	
5740	pimienta	2611	
5741	kat	2610	?
5742	cumbre	2610	
5743	previamente	2609	
5744	shelly	2608	?
5745	rupert	2608	?
5746	brear	2606	
5747	musicar	2605	
5748	depredador	2605	
5749	conforme	2604	
5750	hércules	2603	?
5751	at	2601	?
5752	louie	2600	?
5753	narcótico	2599	
5754	natal	2597	
5755	acera	2596	
5756	porcentaje	2596	
5757	mosquito	2595	
5758	andré	2594	?
5759	fran	2594	?
5760	shin	2592	?
5761	alucinante	2592	
5762	fabricante	2592	
5763	wesley	2591	?
5764	diálogo	2591	
5765	legendario	2591	
5766	documentación	2588	
5767	situar	2588	
5768	good	2587	?
5769	arca	2587	
5770	marcel	2586	?
5771	peg	2586	?
5772	colectivo	2585	
5773	insensible	2584	
5774	víbora	2584	
5775	hood	2582	?
5776	price	2582	?
5777	rupia	2581	
5778	preston	2580	?
5779	traficar	2580	
5780	lori	2579	
5781	remolque	2579	
5782	garrett	2578	?
5783	pinky	2578	?
5784	ahorcar	2577	
5785	clarke	2576	?
5786	recurrir	2576	
5787	harina	2575	
5788	amuleto	2575	
5789	remar	2575	
5790	here	2574	?
5791	alergia	2573	
5792	chester	2572	?
5793	padrastro	2570	
5794	ugh	2569	?
5795	inmigración	2568	
5796	búfalo	2567	
5797	colapso	2566	
5798	wong	2566	?
5799	erótico	2566	
5800	ajeno	2565	
5801	spring	2564	
5802	marioneta	2564	
5803	gu	2563	?
5804	insignia	2563	
5805	travieso	2563	
5806	gail	2559	?
5807	ow	2558	?
5808	goa	2557	?
5809	sherman	2557	?
5810	decoración	2557	
5811	urbano	2557	
5812	recompensar	2557	
5813	testículo	2556	
5814	restricción	2556	
5815	subtitular	2555	
5816	abortar	2555	
5817	lorenzo	2554	?
5818	pilar	2554	
5819	eugene	2553	?
5820	scully	2553	?
5821	buda	2552	?
5822	ginger	2549	?
5823	lodo	2549	
5824	estante	2549	
5825	ivy	2548	?
5826	librería	2548	
5827	ally	2547	?
5828	col	2547	
5829	pegajoso	2546	
5830	fitz	2544	?
5831	libremente	2543	
5832	ametralladora	2543	
5833	tránsito	2542	
5834	brooks	2541	?
5835	funcionamiento	2541	
5836	empapar	2541	
5837	colapsar	2541	
5838	pais	2540	?
5839	diputado	2540	
5840	escaso	2539	
5841	vuelo	2538	
5842	anita	2538	?
5843	adelanto	2538	
5844	abdominal	2538	
5845	cross	2535	
5846	aspirar	2535	
5847	kara	2534	?
5848	toc	2534	?
5849	competidor	2534	
5850	matear	2533	
5851	platear	2533	
5852	sushi	2532	?
5853	gabe	2532	?
5854	shannon	2532	?
5855	vicio	2532	
5856	servilleta	2532	
5857	financiera	2530	
5858	arrodillar	2530	
5859	springfield	2529	?
5860	if	2529	?
5861	sang	2528	?
5862	componente	2528	
5863	deducir	2527	
5864	atentamente	2526	
5865	suzanne	2526	?
5866	madurar	2526	
5867	respaldo	2524	
5868	jenkins	2524	?
5869	simón	2524	
5870	pistolero	2524	
5871	aro	2523	
5872	abigail	2522	?
5873	racional	2521	
5874	tope	2520	
5875	grandeza	2517	
5876	satanás	2516	?
5877	grueso	2515	
5878	gorro	2514	
5879	sobornar	2513	
5880	salvavidas	2512	?
5881	bocado	2512	
5882	retorno	2511	
5883	recluta	2511	
5884	moro	2510	
5885	mentor	2509	
5886	reforma	2509	
5887	irresponsable	2508	
5888	buzz	2506	?
5889	náusea	2506	
5890	hippie	2506	
5891	marion	2505	?
5892	patán	2505	
5893	eminencia	2504	
5894	transacción	2504	
5895	plana	2503	
5896	metáfora	2503	
5897	yanqui	2503	
5898	apelación	2502	
5899	simone	2501	?
5900	roberto	2501	?
5901	trío	2500	
5902	resentimiento	2499	
5903	or	2498	?
5904	millie	2498	?
5905	canasta	2498	
5906	bollo	2497	
5907	lecho	2496	
5908	legión	2496	
5909	sinceridad	2495	
5910	roland	2494	?
5911	finca	2494	
5912	dc	2493	?
5913	milo	2493	?
5914	square	2492	?
5915	divorciado	2488	
5916	reemplazo	2487	
5917	trompeta	2487	
5918	she	2485	?
5919	trato	2485	
5920	jarra	2485	
5921	carreta	2484	
5922	guardería	2483	
5923	aduana	2483	
5924	juliette	2482	?
5925	ochenta	2481	?
5926	foco	2481	
5927	denegar	2480	
5928	remover	2480	
5929	descendiente	2479	
5930	mascar	2478	
5931	himno	2477	
5932	pentágono	2476	
5933	barb	2476	?
5934	roosevelt	2476	?
5935	camarón	2476	
5936	adema	2475	
5937	natasha	2475	?
5938	lavabo	2475	
5939	magdalena	2475	
5940	doscientos	2472	?
5941	fax	2471	
5942	conmoción	2470	
5943	bufanda	2469	
5944	escalofrío	2469	
5945	tammy	2468	?
5946	atardecer	2468	
5947	continuamente	2468	
5948	jurisdicción	2468	
5949	humillante	2468	
5950	lacey	2467	?
5951	sumamente	2467	
5952	verónica	2467	
5953	preciar	2467	
5954	gigantesco	2467	
5955	especializar	2467	
5956	frances	2466	?
5957	oposición	2465	
5958	utilidad	2465	
5959	wu	2464	
5960	maní	2464	
5961	gabrielle	2464	?
5962	nikita	2463	?
5963	proposición	2463	
5964	púrpura	2462	
5965	limonada	2461	
5966	laberinto	2461	
5967	paracaídas	2461	?
5968	ecuación	2461	
5969	kenneth	2460	?
5970	alambre	2460	
5971	tornado	2460	
5972	gala	2459	
5973	atún	2458	
5974	vil	2458	
5975	numeroso	2458	
5976	pobrecito	2457	?
5977	enmienda	2456	
5978	river	2455	?
5979	yerno	2454	
5980	coñac	2453	
5981	tardis	2452	?
5982	retrete	2452	
5983	clinton	2451	?
5984	armonía	2451	
5985	noción	2450	
5986	rabino	2448	
5987	acosador	2448	
5988	porta	2448	
5989	alabado	2447	
5990	camarote	2447	
5991	vibración	2447	
5992	simpatía	2446	
5993	contexto	2445	
5994	átomo	2445	
5995	bautizar	2445	
5996	prejuicio	2444	
5997	elevador	2443	
5998	racha	2441	
5999	trent	2441	?
6000	distribución	2441	
6001	brote	2441	
6002	trish	2440	?
6003	baile	2440	
6004	relámpago	2439	
6005	protestar	2438	
6006	pornografía	2437	
6007	yale	2437	?
6008	semen	2437	
6009	defensiva	2436	
6010	vincular	2436	
6011	nomás	2435	?
6012	imprudente	2435	
6013	damien	2434	?
6014	brien	2434	?
6015	presidencial	2434	
6016	contribución	2434	
6017	mantenlo	2433	?
6018	retrasado	2433	
6019	estais	2431	?
6020	tos	2431	
6021	interrupción	2431	
6022	prometedor	2431	
6023	trazar	2431	
6024	dondequiera	2430	?
6025	jasper	2430	?
6026	tazón	2430	
6027	corteza	2429	
6028	transmisor	2429	
6029	jr	2428	?
6030	propaganda	2428	
6031	let	2427	?
6032	infernal	2427	
6033	manguera	2426	
6034	municipal	2426	
6035	prenda	2426	
6036	malgastar	2426	
6037	iluminación	2425	
6038	allanamiento	2425	
6039	tregua	2424	
6040	stalin	2423	?
6041	tarifa	2422	
6042	alba	2421	
6043	pasatiempo	2420	
6044	embrujar	2420	
6045	emisión	2417	
6046	taquilla	2416	
6047	antídoto	2415	
6048	evaluar	2415	
6049	reporte	2414	
6050	belle	2411	?
6051	nápoles	2411	?
6052	hulk	2410	?
6053	generosidad	2409	
6054	mimi	2409	?
6055	sabrina	2407	?
6056	patriota	2407	
6057	corazonada	2406	
6058	depositar	2406	
6059	hot	2405	?
6060	yarda	2405	
6061	madam	2404	
6062	rodaje	2403	
6063	jun	2403	?
6064	pamela	2402	
6065	rené	2401	?
6066	dactilar	2400	
6067	exquisito	2399	
6068	who	2398	?
6069	obstar	2398	
6070	mercenario	2398	
6071	audaz	2397	
6072	jornada	2396	
6073	admirable	2395	
6074	catástrofe	2395	
6075	hector	2394	?
6076	avatar	2394	
6077	poción	2394	
6078	júpiter	2393	?
6079	diagnosticar	2393	
6080	devorar	2393	
6081	us	2392	?
6082	nat	2392	?
6083	cemento	2392	
6084	montaje	2392	
6085	jang	2391	?
6086	instructor	2388	
6087	clarence	2386	?
6088	impostor	2386	
6089	françois	2384	?
6090	amablemente	2383	
6091	adrenalina	2381	
6092	gates	2381	?
6093	erupción	2380	
6094	hart	2379	?
6095	escoba	2379	
6096	pulsar	2379	
6097	aportar	2378	
6098	luther	2376	?
6099	carpa	2376	
6100	capricho	2376	
6101	inventario	2375	
6102	navegación	2374	
6103	tia	2374	?
6104	okey	2374	?
6105	angelo	2374	?
6106	google	2374	?
6107	barca	2374	
6108	calzón	2373	
6109	repentinamente	2371	
6110	perforar	2371	
6111	whitney	2370	?
6112	danés	2370	
6113	shelby	2369	?
6114	happy	2369	?
6115	gibson	2369	?
6116	hughes	2368	?
6117	dictar	2368	
6118	lionel	2367	?
6119	gideon	2367	?
6120	mirá	2367	?
6121	genético	2367	
6122	resucitar	2367	
6123	admisión	2366	
6124	contratista	2366	
6125	radiografía	2366	
6126	inundar	2366	
6127	esclavitud	2365	
6128	índice	2365	
6129	donnie	2364	?
6130	forastero	2364	
6131	ncis	2363	?
6132	fijamente	2362	
6133	portland	2362	?
6134	clive	2360	?
6135	convencional	2360	
6136	meteorito	2360	
6137	orientación	2359	
6138	moon	2359	?
6139	apocalipsis	2358	?
6140	eun	2357	?
6141	destructor	2357	
6142	topar	2357	
6143	dom	2356	
6144	du	2355	?
6145	mudanza	2354	
6146	ramón	2353	?
6147	delhi	2353	?
6148	triángulo	2353	
6149	cebo	2352	
6150	life	2351	?
6151	peyton	2351	?
6152	mack	2351	?
6153	edith	2350	?
6154	harriet	2349	?
6155	contabilidad	2349	
6156	relato	2347	
6157	tate	2345	?
6158	janice	2345	?
6159	henri	2345	?
6160	fascinar	2345	
6161	sophia	2344	?
6162	setenta	2344	?
6163	filmación	2344	
6164	tractor	2344	
6165	alf	2343	?
6166	hayes	2343	?
6167	nana	2342	
6168	rastreador	2341	
6169	impulsar	2341	
6170	hospitalidad	2340	
6171	usuario	2340	
6172	henderson	2339	?
6173	redonda	2339	
6174	chantajear	2338	
6175	devon	2337	?
6176	bryan	2337	?
6177	detonador	2337	
6178	bombón	2337	
6179	ración	2337	
6180	acogida	2336	
6181	mermelada	2336	
6182	sediento	2336	
6183	peluche	2335	
6184	yogur	2335	
6185	pertenencia	2334	
6186	devoto	2334	
6187	heroico	2333	
6188	lema	2331	
6189	filtro	2331	
6190	inauguración	2330	
6191	muda	2330	
6192	asteroide	2330	
6193	reportaje	2329	
6194	acta	2328	
6195	falsificación	2328	
6196	powell	2326	?
6197	azotea	2326	
6198	biología	2324	
6199	julien	2324	?
6200	recipiente	2323	
6201	mesero	2323	
6202	luto	2321	
6203	rafael	2321	?
6204	carrito	2321	
6205	thor	2320	?
6206	ofensa	2319	
6207	moribundo	2317	
6208	fósforo	2317	
6209	alcantarilla	2316	
6210	gerry	2315	?
6211	usual	2315	
6212	masturbar	2315	
6213	aprieto	2314	
6214	veronica	2312	?
6215	edwards	2311	?
6216	manuscrito	2311	
6217	spa	2310	?
6218	martini	2309	?
6219	holt	2309	?
6220	newton	2309	
6221	concebir	2309	
6222	hombrecito	2307	?
6223	resolución	2307	
6224	tornillo	2307	
6225	precipitar	2306	
6226	becca	2305	?
6227	pakistán	2305	?
6228	guarida	2305	
6229	hoguera	2304	
6230	mamada	2303	
6231	proyección	2301	
6232	elaborar	2301	
6233	briggs	2300	?
6234	bridge	2299	
6235	hindú	2299	
6236	atentar	2297	
6237	chupa	2297	
6238	grúa	2296	
6239	niñez	2295	
6240	voluntariamente	2294	
6241	parrilla	2294	
6242	benson	2294	?
6243	pegamento	2294	
6244	light	2294	
6245	georgie	2293	?
6246	ronald	2293	?
6247	casual	2293	
6248	fosa	2293	
6249	reinar	2293	
6250	stu	2291	?
6251	empeñar	2291	
6252	estafar	2291	
6253	dese	2288	?
6254	sensibilidad	2288	
6255	chelín	2287	
6256	resistente	2287	
6257	obligatorio	2287	
6258	cacahuete	2287	
6259	antibiótico	2286	
6260	olímpico	2285	
6261	ty	2284	?
6262	mills	2284	?
6263	darren	2282	?
6264	altavoz	2281	
6265	recostar	2281	
6266	cubano	2280	
6267	rapidez	2279	
6268	rebaño	2279	
6269	giovanni	2278	?
6270	julieta	2278	?
6271	suciedad	2278	
6272	peterson	2278	?
6273	stop	2277	
6274	obama	2277	?
6275	deliberadamente	2277	
6276	renovar	2277	
6277	plasma	2276	
6278	mae	2275	?
6279	puntual	2275	
6280	castaño	2274	
6281	jade	2273	
6282	sapo	2273	
6283	cohen	2272	?
6284	céntimo	2272	
6285	israelí	2272	
6286	pasado	2271	
6287	infantería	2269	
6288	casita	2269	
6289	exigente	2269	
6290	nuca	2268	
6291	adán	2268	
6292	lujoso	2268	
6293	senor	2267	?
6294	trasplante	2267	
6295	night	2265	?
6296	borda	2263	
6297	suspensión	2262	
6298	sutton	2262	?
6299	ampliar	2262	
6300	médula	2261	
6301	crawford	2261	?
6302	gozar	2261	
6303	ticket	2260	
6304	bam	2259	?
6305	tiffany	2259	?
6306	yankee	2259	
6307	excesivo	2259	
6308	gusto	2258	
6309	podriamos	2258	?
6310	predicador	2257	
6311	inundación	2257	
6312	montano	2256	
6313	dea	2256	
6314	buitre	2256	
6315	blog	2255	?
6316	asamblea	2255	
6317	casillero	2255	
6318	telefonear	2255	
6319	jonah	2254	?
6320	percepción	2254	
6321	porche	2253	
6322	remo	2252	
6323	caracol	2252	
6324	actualidad	2251	
6325	vetar	2251	
6326	regional	2249	
6327	motivación	2248	
6328	siervo	2248	
6329	compositor	2246	
6330	calefacción	2245	
6331	felipe	2245	?
6332	mostaza	2244	
6333	diligencia	2244	
6334	bridget	2243	?
6335	cómic	2243	
6336	barbie	2242	?
6337	high	2241	?
6338	ovni	2240	
6339	humedad	2239	
6340	peculiar	2237	
6341	cartucho	2237	
6342	intuición	2236	
6343	off	2236	?
6344	aria	2236	
6345	olivar	2236	
6346	desangrar	2236	
6347	yoo	2234	?
6348	aw	2234	?
6349	clandestino	2234	
6350	email	2233	?
6351	hyung	2232	?
6352	macleod	2230	?
6353	irritar	2230	
6354	exilio	2229	
6355	abatir	2229	
6356	gold	2228	?
6357	au	2227	?
6358	inaceptable	2227	
6359	queens	2226	?
6360	indiano	2225	
6361	santiago	2224	?
6362	right	2223	?
6363	greene	2223	?
6364	tapadera	2223	
6365	tango	2222	
6366	wolf	2222	?
6367	serbio	2222	
6368	rizar	2221	
6369	north	2220	?
6370	micro	2220	
6371	editorial	2220	
6372	capar	2220	
6373	inminente	2219	
6374	luca	2219	?
6375	jalar	2219	
6376	russ	2216	?
6377	raja	2216	
6378	ingle	2216	
6379	receptor	2216	
6380	timón	2214	
6381	cósmico	2214	
6382	resumir	2214	
6383	po	2213	?
6384	lilly	2213	?
6385	virginidad	2213	
6386	mártir	2213	
6387	crueldad	2212	
6388	onu	2212	?
6389	michigan	2212	?
6390	toser	2212	
6391	buscador	2211	
6392	inyectar	2211	
6393	lancha	2210	
6394	phillips	2209	?
6395	trayectoria	2207	
6396	frontal	2206	
6397	anzuelo	2204	
6398	coleccionar	2204	
6399	mor	2203	
6400	esponja	2203	
6401	dardo	2202	
6402	reconsiderar	2202	
6403	entrante	2201	
6404	warner	2200	?
6405	roble	2200	
6406	sobrenatural	2199	
6407	online	2198	
6408	correspondencia	2198	
6409	valley	2198	?
6410	interminable	2197	
6411	adorno	2197	
6412	sencillamente	2196	
6413	brecha	2196	
6414	monasterio	2196	
6415	carpeta	2195	
6416	clon	2195	
6417	comparte	2194	
6418	empeño	2194	
6419	escotilla	2193	
6420	rasgo	2192	
6421	old	2191	?
6422	difícilmente	2191	
6423	considerable	2191	
6424	detras	2190	?
6425	see	2190	?
6426	home	2189	?
6427	joyería	2188	
6428	maddie	2187	?
6429	montgomery	2186	
6430	víspera	2185	
6431	cerilla	2185	
6432	carecer	2185	
6433	excluir	2185	
6434	ventilación	2184	
6435	seña	2184	
6436	bombardero	2184	
6437	deriva	2183	
6438	oral	2183	
6439	moretón	2183	
6440	luisa	2182	
6441	consentir	2182	
6442	percy	2181	?
6443	cobertizo	2179	
6444	paralelo	2178	
6445	borroso	2178	
6446	octavo	2177	
6447	emplear	2175	
6448	maltratar	2175	
6449	dominic	2174	?
6450	air	2174	?
6451	cisne	2174	
6452	mafioso	2174	
6453	almacenar	2173	
6454	prototipo	2172	
6455	arrepentimiento	2171	
6456	especia	2171	
6457	parche	2169	
6458	compensación	2168	
6459	imaginario	2168	
6460	portador	2168	
6461	florence	2167	?
6462	tirada	2166	
6463	impecable	2166	
6464	point	2165	?
6465	chistoso	2165	
6466	invencible	2165	
6467	ferrari	2164	?
6468	sala	2163	
6469	florencia	2163	?
6470	escultura	2162	
6471	frecuentar	2162	
6472	mentalmente	2161	
6473	hayley	2161	?
6474	falsificar	2161	
6475	manager	2160	
6476	agotador	2160	
6477	shepherd	2159	?
6478	adoptivo	2159	
6479	entraña	2157	
6480	vino	2157	
6481	kramer	2157	?
6482	rima	2157	
6483	when	2155	?
6484	neutral	2155	
6485	atorar	2155	
6486	microondas	2154	?
6487	christy	2153	?
6488	vasto	2153	
6489	vicki	2152	?
6490	engordar	2152	
6491	ta	2151	?
6492	delegado	2151	
6493	ignorancia	2150	
6494	morada	2150	
6495	bribón	2150	
6496	gardner	2148	?
6497	moe	2148	?
6498	charley	2148	?
6499	kilogramo	2148	
6500	recaudar	2146	
6501	lagarto	2145	
6502	daniels	2143	?
6503	heterosexual	2143	
6504	repleto	2143	
6505	frederick	2142	?
6506	pobrecita	2142	?
6507	crystal	2142	?
6508	maxwell	2141	
6509	tesis	2141	?
6510	cachondo	2141	
6511	acelerador	2140	
6512	administrar	2140	
6513	weaver	2139	?
6514	laguna	2139	
6515	interceptar	2139	
6516	lucifer	2138	
6517	marissa	2138	?
6518	holden	2138	?
6519	neill	2137	?
6520	ventilador	2137	
6521	abismo	2134	
6522	masticar	2134	
6523	prostitución	2133	
6524	engreír	2132	
6525	formalidad	2131	
6526	diabólico	2131	
6527	determinación	2129	
6528	pitido	2129	
6529	tortilla	2129	
6530	isabelle	2128	?
6531	dobla	2128	
6532	ventanilla	2126	
6533	patente	2126	
6534	criterio	2125	
6535	cínico	2125	
6536	how	2124	?
6537	marciano	2124	
6538	felizmente	2123	
6539	polar	2120	
6540	pope	2118	
6541	debilitar	2118	
6542	espionaje	2117	
6543	electrónica	2117	
6544	homenaje	2116	
6545	tropical	2116	
6546	tessa	2115	?
6547	intento	2115	
6548	banks	2115	?
6549	temporalmente	2115	
6550	australiano	2115	
6551	exploración	2114	
6552	pulga	2114	
6553	arrasar	2114	
6554	record	2113	?
6555	cadete	2113	
6556	wheeler	2112	?
6557	alexis	2112	?
6558	agresor	2112	
6559	pabellón	2111	
6560	traido	2111	?
6561	et	2110	?
6562	lima	2110	
6563	mecánica	2109	
6564	abdomen	2109	
6565	afirmativo	2109	
6566	fundir	2109	
6567	zoo	2107	
6568	funeraria	2107	
6569	banca	2106	
6570	darcy	2106	?
6571	refrescar	2106	
6572	donny	2105	?
6573	beck	2105	?
6574	alfredo	2105	?
6575	grifo	2105	
6576	tacaño	2105	
6577	iii	2104	?
6578	clayton	2104	?
6579	panqueques	2104	?
6580	creíble	2104	
6581	marinar	2103	
6582	brent	2102	?
6583	sándwiches	2102	?
6584	hyde	2102	?
6585	transición	2101	
6586	matrimonial	2101	
6587	convicción	2101	
6588	atroz	2100	
6589	deletrear	2100	
6590	congelador	2099	
6591	vaughn	2099	?
6592	plancha	2098	
6593	contusión	2097	
6594	colaboración	2096	
6595	gemma	2096	?
6596	seo	2095	
6597	conque	2094	?
6598	seúl	2092	?
6599	philippe	2092	?
6600	genuino	2092	
6601	alejandro	2091	?
6602	telescopio	2090	
6603	imán	2090	
6604	idiotez	2090	
6605	armstrong	2089	?
6606	aspirante	2089	
6607	dramática	2088	
6608	roz	2087	?
6609	trinchera	2087	
6610	tyson	2086	?
6611	temperamento	2086	
6612	andrews	2085	?
6613	emmett	2085	?
6614	presentir	2085	
6615	bikini	2085	
6616	testarudo	2085	
6617	esteroide	2084	
6618	principiante	2084	
6619	brendan	2083	?
6620	heidi	2083	?
6621	cortés	2083	
6622	patrocinador	2083	
6623	discípulo	2082	
6624	igualdad	2081	
6625	árbitro	2081	
6626	composición	2081	
6627	discoteca	2081	
6628	hinchar	2081	
6629	contagioso	2080	
6630	nigel	2079	?
6631	saliva	2079	
6632	carnaval	2078	
6633	churchill	2077	?
6634	gemir	2077	
6635	line	2076	?
6636	grandote	2075	?
6637	dieciséis	2075	?
6638	puerco	2075	
6639	eje	2074	
6640	batear	2073	
6641	canciller	2071	
6642	puntuación	2071	
6643	llanta	2071	
6644	felicity	2070	?
6645	consolar	2070	
6646	buenísimo	2069	?
6647	quiza	2069	?
6648	clare	2069	?
6649	ire	2069	?
6650	sedante	2069	
6651	sirio	2069	
6652	simio	2068	
6653	inmune	2067	
6654	nash	2066	?
6655	noventa	2066	?
6656	élite	2066	
6657	pellejo	2065	
6658	che	2064	?
6659	ike	2064	?
6660	participante	2064	
6661	reglamento	2062	
6662	mallory	2061	?
6663	estribor	2061	
6664	puré	2061	
6665	trineo	2061	
6666	maureen	2060	?
6667	nixon	2060	?
6668	otis	2060	?
6669	exclusivo	2059	
6670	eficaz	2058	
6671	honorario	2058	
6672	compadre	2057	
6673	fuertemente	2056	
6674	noroeste	2056	
6675	escandaloso	2056	
6676	frustrante	2054	
6677	maníaco	2054	
6678	vengador	2054	
6679	back	2050	?
6680	moisés	2049	?
6681	dolly	2048	?
6682	flexible	2047	
6683	averiar	2047	
6684	hectómetro	2046	
6685	hartar	2044	
6686	oppa	2042	?
6687	cupón	2042	
6688	homer	2040	?
6689	kai	2040	?
6690	ingenio	2039	
6691	alce	2039	
6692	acertijo	2039	
6693	miligramo	2037	
6694	cass	2036	?
6695	sloan	2036	?
6696	supervisión	2036	
6697	acogedor	2036	
6698	mareo	2036	
6699	catedral	2034	
6700	il	2032	?
6701	celia	2032	?
6702	morena	2032	
6703	ojalar	2032	
6704	majo	2032	
6705	aburrimiento	2031	
6706	improbable	2031	
6707	tacto	2031	
6708	audio	2030	
6709	epidemia	2028	
6710	carlton	2028	?
6711	moción	2027	
6712	milicia	2025	
6713	rosado	2025	
6714	reliquia	2023	
6715	vainilla	2022	
6716	cruzada	2021	
6717	nevar	2021	
6718	aló	2020	?
6719	marianne	2019	?
6720	samurai	2019	
6721	alinear	2019	
6722	way	2018	?
6723	want	2018	?
6724	pum	2017	?
6725	condolencia	2016	
6726	paco	2016	
6727	jedi	2014	?
6728	devoción	2013	
6729	incompetente	2012	
6730	híbrido	2012	
6731	buey	2011	
6732	fusil	2011	
6733	nah	2010	?
6734	mumbai	2010	?
6735	castor	2010	
6736	piar	2010	
6737	larguémonos	2009	?
6738	francine	2009	?
6739	extracción	2008	
6740	respiratorio	2008	
6741	eliminación	2006	
6742	warp	2005	?
6743	transformación	2005	
6744	simmons	2005	?
6745	preservar	2005	
6746	bon	2004	?
6747	ariel	2004	?
6748	póliza	2004	
6749	vara	2004	
6750	porro	2004	
6751	motivar	2004	
6752	yi	2003	?
6753	tito	2003	
6754	liquidar	2002	
6755	dani	2001	?
6756	billie	2001	?
6757	cursi	2001	
6758	látigo	2001	
6759	caldera	2001	
6760	supervisar	2001	
6761	verdugo	2000	
6762	trepar	2000	
6763	simular	2000	
6764	gelatina	1999	
6765	reflejar	1999	
6766	balance	1997	
6767	ling	1997	?
6768	reproducir	1997	
6769	zar	1996	
6770	fiable	1996	
6771	estratégico	1994	
6772	muralla	1993	
6773	husmear	1993	
6774	compatible	1993	
6775	bah	1992	?
6776	beatles	1992	?
6777	difundir	1992	
6778	arrebatar	1992	
6779	vayámonos	1991	?
6780	circulación	1991	
6781	melón	1991	
6782	conquista	1990	
6783	gracie	1990	?
6784	silbato	1990	
6785	publicación	1990	
6786	alucinar	1989	
6787	sincronizar	1989	
6788	saul	1987	?
6789	kev	1986	?
6790	manchester	1986	?
6791	uy	1985	?
6792	atacante	1985	
6793	resonancia	1984	
6794	proxima	1984	?
6795	carpintero	1984	
6796	inmobiliario	1984	
6797	bin	1983	?
6798	sanders	1983	?
6799	auxiliar	1983	
6800	ezra	1982	?
6801	restante	1982	
6802	pizca	1981	
6803	módulo	1981	
6804	cocer	1981	
6805	ollie	1980	?
6806	cora	1980	
6807	salio	1980	
6808	atlántico	1979	
6809	bancarrota	1979	
6810	sujetador	1979	
6811	mezquino	1979	
6812	plantear	1979	
6813	stacey	1978	?
6814	habeis	1977	?
6815	marcha	1977	
6816	escarabajo	1977	
6817	catálogo	1976	
6818	candy	1974	
6819	labial	1974	
6820	hassan	1973	?
6821	apto	1973	
6822	competitivo	1973	
6823	votante	1971	
6824	otorgar	1971	
6825	carnet	1970	
6826	farol	1970	
6827	mindy	1969	?
6828	w	1969	?
6829	mara	1969	?
6830	boo	1968	?
6831	alimentación	1968	
6832	cook	1968	?
6833	canguro	1967	
6834	recluso	1967	
6835	fulano	1966	
6836	vip	1965	?
6837	luthor	1965	?
6838	ponche	1964	
6839	sumergir	1963	
6840	creciente	1962	
6841	esquivar	1962	
6842	inscripción	1961	
6843	hipótesis	1960	?
6844	milady	1960	
6845	flora	1959	
6846	flauta	1959	
6847	cartón	1959	
6848	fotografiar	1959	
6849	zarpar	1959	
6850	impactar	1959	
6851	notificar	1959	
6852	columbia	1958	?
6853	chófer	1957	
6854	empujón	1957	
6855	habitar	1957	
6856	redención	1956	
6857	acorde	1956	
6858	cosmos	1955	?
6859	coral	1955	
6860	útero	1953	
6861	semanal	1953	
6862	palm	1952	?
6863	mayormente	1952	
6864	trey	1952	?
6865	dewey	1951	?
6866	comprensible	1950	
6867	vacante	1950	
6868	esquema	1950	
6869	margar	1950	
6870	vito	1949	
6871	ba	1949	
6872	impotente	1949	
6873	experimental	1949	
6874	estara	1948	?
6875	delantero	1947	
6876	incomodar	1946	
6877	suburbio	1945	
6878	impredecible	1945	
6879	promover	1945	
6880	reforzar	1945	
6881	rendimiento	1943	
6882	frankenstein	1943	?
6883	darryl	1943	?
6884	coste	1942	
6885	escombro	1941	
6886	floyd	1941	?
6887	limpiador	1941	
6888	nalga	1940	
6889	analista	1940	
6890	odioso	1940	
6891	silbar	1940	
6892	bi	1939	?
6893	ss	1939	?
6894	jerome	1939	?
6895	royal	1939	?
6896	socialista	1939	
6897	indicación	1939	
6898	azotar	1939	
6899	legítima	1938	
6900	regazo	1938	
6901	tic	1938	
6902	restringir	1938	
6903	capucha	1937	
6904	pagano	1937	
6905	místico	1937	
6906	preparativo	1935	
6907	timothy	1935	?
6908	tributo	1935	
6909	rahul	1934	?
6910	loro	1934	
6911	byron	1933	?
6912	dinozzo	1933	?
6913	entusiasta	1932	
6914	dinamarca	1931	?
6915	posponer	1931	
6916	sembrar	1931	
6917	joanna	1930	?
6918	aidan	1930	?
6919	fi	1930	
6920	ca	1930	
6921	cafe	1929	?
6922	zoey	1928	?
6923	rap	1928	?
6924	vaticano	1927	
6925	delirio	1927	
6926	arrogancia	1926	
6927	presidencia	1926	
6928	curry	1925	
6929	tarzán	1925	?
6930	piña	1924	
6931	edna	1923	?
6932	erróneo	1923	
6933	melinda	1921	?
6934	duplicar	1921	
6935	esmeralda	1920	
6936	consciencia	1919	
6937	coyote	1919	
6938	benéfico	1919	
6939	judas	1918	?
6940	comestible	1918	
6941	mediana	1917	
6942	frost	1917	?
6943	ming	1916	?
6944	secta	1916	
6945	magistrado	1916	
6946	irritante	1913	
6947	violeta	1913	
6948	jugoso	1913	
6949	from	1912	?
6950	isabella	1912	?
6951	aspirador	1912	
6952	leonardo	1911	?
6953	gruñón	1911	
6954	controlador	1911	
6955	cho	1910	?
6956	calentamiento	1909	
6957	holanda	1909	?
6958	ilegalmente	1909	
6959	cuchilla	1909	
6960	dispersar	1909	
6961	thesubfactory	1908	?
6962	wanda	1907	?
6963	gallagher	1907	?
6964	caluroso	1907	
6965	sentaos	1906	?
6966	theresa	1906	?
6967	asignación	1906	
6968	adversario	1906	
6969	wright	1903	?
6970	choza	1903	
6971	filósofo	1903	
6972	desembarcar	1903	
6973	satán	1902	?
6974	kentucky	1902	?
6975	arquitectura	1902	
6976	veinticinco	1901	?
6977	soberano	1901	
6978	geoffrey	1900	?
6979	mccoy	1900	?
6980	twitter	1900	?
6981	semental	1900	
6982	momia	1899	
6983	ocular	1898	
6984	tac	1897	?
6985	superintendente	1897	
6986	retardar	1897	
6987	sumar	1897	
6988	empate	1896	
6989	intriga	1895	
6990	acariciar	1894	
6991	atracar	1894	
6992	gonna	1893	?
6993	vernon	1892	?
6994	milton	1892	?
6995	celeste	1892	
6996	karate	1891	
6997	gruñir	1890	
6998	sung	1886	?
6999	mercurio	1886	
7000	consistente	1886	
