# Частотный список лемм (it), 7000 самых частых. Построен scripts/build-freq.ts.
# Частоты: FrequencyWords (OpenSubtitles 2018), CC BY-SA 4.0. Лемматизация: lemmatization-lists, ODbL.
# Колонки: ранг, лемма, частота, ? — леммы нет в словаре лемм (служебное слово, имя или иностранное).
1	il	14199426	?
2	essere	9800416	
3	di	8859748	
4	e	7592388	?
5	avere	7024430	
6	uno	6426319	?
7	non	6257811	?
8	che	6063914	?
9	a	5533575	?
10	fare	3175819	
11	in	3116142	?
12	per	2866558	?
13	mi	2029284	
14	da	1995801	
15	cosa	1907478	
16	questo	1857299	
17	ci	1815384	?
18	stare	1785505	
19	si	1782327	
20	andare	1781761	
21	potere	1721953	
22	dire	1703587	
23	sapere	1666068	
24	ma	1650248	?
25	mio	1592740	
26	volere	1582675	
27	con	1509863	?
28	dovere	1477459	
29	no	1433410	?
30	ti	1414271	
31	tutto	1386355	
32	quello	1345450	
33	se	1328637	?
34	come	1308477	?
35	io	1147459	?
36	bene	981661	
37	tuo	960216	
38	molto	946689	
39	qui	927883	?
40	suo	908296	
41	solo	908080	
42	perché	906849	?
43	vedere	881532	?
44	su	872113	?
45	tu	847129	?
46	pensare	744516	
47	me	742942	?
48	così	721327	?
49	te	681861	?
50	ora	628755	
51	altro	622790	
52	venire	601235	
53	ne	577983	
54	quando	566220	?
55	sì	561011	?
56	lei	554384	?
57	parlare	548987	
58	oh	536995	?
59	prendere	517821	
60	credere	514627	
61	ok	513655	?
62	sentire	496728	
63	primo	482393	
64	mai	477108	?
65	o	468425	?
66	anche	467913	?
67	dove	466823	
68	dare	448480	
69	grazia	442527	
70	trovare	437529	
71	chi	432988	?
72	beh	415077	?
73	signore	403828	
74	lui	400840	?
75	allora	394873	?
76	più	394239	?
77	lasciare	391323	
78	ehi	390822	?
79	vero	382851	
80	poco	379979	?
81	chiamare	376880	
82	niente	376096	?
83	qualcosa	375353	?
84	nostro	366217	
85	davvero	362026	?
86	casa	359824	
87	portare	358379	
88	ancora	357766	?
89	capire	357735	
90	aspettare	352403	
91	piacere	337838	
92	succedere	332656	
93	volta	331743	
94	noi	329262	?
95	due	328195	
96	quindi	327478	?
97	anno	320602	
98	guardare	319674	
99	quanto	315287	
100	amico	301408	
101	cercare	300883	
102	certo	298548	
103	mettere	297954	
104	sembrare	293693	
105	sempre	293460	?
106	tornare	290912	
107	proprio	285863	
108	tempo	282754	
109	loro	278369	?
110	aiutare	273144	
111	forse	270956	?
112	chiedere	270427	
113	li	268514	?
114	vita	263864	
115	giorno	263756	
116	buono	261402	
117	parte	260566	
118	ragazzo	256464	
119	nessuno	256322	
120	poi	254985	?
121	vi	253715	?
122	lavoro	247839	
123	fuori	244593	?
124	cui	242757	?
125	nuovo	239514	
126	persona	235818	
127	qualcuno	232548	?
128	conoscere	230235	
129	voi	227702	?
130	posto	225953	
131	riuscire	225792	
132	dio	225590	
133	ciao	225358	?
134	passare	221471	
135	tenere	219995	
136	dopo	219627	?
137	tanto	217395	
138	adesso	217200	?
139	uccidere	216849	
140	uomo	216269	?
141	morire	215307	
142	padre	215103	
143	arrivare	211144	
144	bisogno	209906	
145	gia	205703	?
146	grande	205332	
147	via	199307	
148	vostro	196310	
149	uscire	194966	
150	vivere	192739	
151	meglio	190791	?
152	dispiacere	190668	
153	entrare	189930	
154	servire	189636	
155	modo	189386	
156	sicuro	188342	
157	giusto	188199	
158	senza	183720	
159	stesso	182757	
160	troppo	181466	
161	ogni	180604	?
162	figlio	177252	
163	problema	177099	
164	qualche	176926	?
165	fino	175117	
166	ecco	173039	?
167	donna	171501	
168	male	168540	
169	ragazza	168537	
170	mamma	166612	
171	tra	165237	?
172	già	164090	?
173	madre	161926	
174	scusare	159670	
175	ce	159445	?
176	favore	159355	
177	momento	158180	
178	finire	157874	
179	ascoltare	157556	
180	pronto	156636	
181	pregare	155517	
182	usare	154647	
183	piccolo	154078	
184	morto	153198	
185	tipo	149351	
186	mano	146529	
187	bambino	144680	
188	provare	144361	
189	idea	143301	
190	lavorare	142780	
191	soldo	138129	
192	amare	137712	
193	caso	136444	
194	restare	136273	
195	appena	135684	?
196	nome	134455	
197	forza	134414	
198	secondo	133648	
199	tre	132830	
200	oggi	132722	?
201	accordo	132131	
202	ricordare	131877	
203	iniziare	130257	
204	bastare	130045	
205	gente	129261	
206	parere	125937	
207	dentro	124725	?
208	cambiare	123580	
209	diventare	123174	
210	famiglia	122465	
211	mondo	120633	
212	signora	120368	
213	fermare	119761	
214	controllare	119323	
215	bella	119095	
216	puo	118841	?
217	rimanere	117452	
218	nulla	117293	?
219	ragione	116048	
220	mangiare	115507	
221	insieme	115108	
222	subito	114278	
223	continuare	114226	
224	preoccupare	113814	
225	notte	112810	
226	scusa	112807	
227	testa	112047	
228	okay	111028	?
229	giocare	110455	
230	storia	110381	
231	perdere	110173	
232	ah	109801	?
233	mandare	109600	
234	sotto	107778	
235	tesoro	107377	
236	smettere	105299	
237	eh	104575	?
238	dottore	104352	
239	bello	104276	
240	sara	103404	?
241	settimana	103047	
242	minuto	101933	
243	moglie	101678	
244	fratello	100839	
245	sperare	98973	
246	quale	97631	
247	bravo	96990	
248	incontrare	96476	
249	rispondere	96086	
250	occhio	95971	
251	punto	94691	
252	piano	94586	
253	scoprire	94525	
254	amore	93784	
255	meno	93373	?
256	pagare	92517	
257	alcun	91649	
258	avanti	91453	?
259	macchina	91385	
260	scrivere	91281	
261	letto	91247	
262	bere	90660	
263	polizia	90196	
264	sedere	90156	
265	lì	89911	?
266	capo	88727	
267	paura	87904	
268	mentre	87853	?
269	serio	87624	
270	felice	87024	
271	uomini	85054	?
272	domani	85002	?
273	parola	84862	
274	domanda	84570	
275	abbastanza	84028	?
276	significare	83841	
277	rendere	83784	
278	perso	83131	
279	giro	83079	
280	prova	82688	
281	presto	82456	
282	vicino	82410	
283	comunque	82046	?
284	fantastico	81411	
285	mese	81208	
286	nemmeno	81033	?
287	immaginare	80975	
288	sera	80847	
289	strano	80829	
290	dormire	80217	
291	importante	79450	
292	sparare	78832	
293	cio	78771	?
294	salvare	78430	
295	neanche	78191	?
296	strada	77933	
297	e'	77610	?
298	qua	77592	?
299	permettere	77526	
300	buon	77308	?
301	seguire	76939	
302	diavolo	76719	
303	figlia	76269	
304	funzionare	76052	
305	ultima	75751	
306	quasi	75598	?
307	chiudere	75596	
308	importare	75114	
309	bel	75097	?
310	colpa	74699	
311	prossimo	74592	
312	nessun	74557	
313	intendere	74309	
314	contro	74064	?
315	agente	73519	
316	papa	73169	
317	vecchio	72906	
318	invece	71686	?
319	sposare	71684	
320	terra	71590	
321	muovere	71548	
322	perchè	71521	?
323	dollaro	70930	
324	numero	70415	
325	almeno	70410	?
326	correre	70217	
327	scuola	70068	
328	possibile	69964	
329	ricevere	68966	
330	magari	68849	?
331	aprire	68175	
332	cuore	68142	
333	comprare	67883	
334	partire	67859	
335	difficile	67663	
336	salvo	67388	
337	durare	67387	
338	cominciare	67110	
339	forte	67038	
340	papà	66780	?
341	stasera	66698	?
342	stupido	66413	
343	mostrare	65412	
344	diverso	65337	
345	corpo	65140	
346	sbagliare	64687	
347	indietro	64558	?
348	marito	64348	
349	tardo	64110	
350	caro	64086	
351	sangue	63943	
352	mezzo	63924	
353	vincere	63846	
354	perfetto	63617	
355	stanza	63577	
356	traduzione	63359	
357	dimenticare	63249	
358	acqua	62992	
359	puro	62565	
360	toccare	62237	
361	ultimo	62121	
362	ieri	62079	?
363	ricordo	61865	
364	conto	61354	
365	tirare	61332	
366	festa	61136	
367	affare	61122	
368	auto	61008	?
369	lungo	60823	
370	ciò	60821	?
371	telefono	60538	
372	piede	60236	
373	sorella	60100	
374	veramente	60007	
375	ottimo	59692	
376	calmare	59596	
377	anch'	59206	?
378	qualsiasi	59149	?
379	scappare	58582	
380	senso	58327	
381	roba	58228	
382	verso	58037	
383	sacco	57589	
384	togliere	57442	
385	entrambi	57421	
386	dietro	56981	?
387	alto	56952	
388	cattivo	56903	
389	foto	56644	?
390	brutto	55756	
391	cinque	55436	
392	ufficio	55431	
393	nascondere	55272	
394	unica	54988	
395	vista	54590	?
396	finito	54437	
397	genere	54389	
398	guerra	54039	
399	signorina	53850	
400	quattro	53750	
401	attimo	53692	
402	promettere	53571	
403	occupare	53544	
404	pazzo	53449	
405	film	53051	
406	liberare	52933	
407	motivo	52930	
408	probabilmente	52894	
409	divertente	52526	
410	arma	52473	
411	unico	51887	
412	scegliere	51821	
413	ben	51786	?
414	libro	51337	
415	squadra	51289	
416	qual	51235	?
417	segreto	51162	
418	mentire	51153	
419	esatto	51107	
420	piangere	51001	
421	accettare	50157	
422	preparare	50112	
423	cavolo	50077	
424	omicidio	49684	
425	vendere	49544	
426	mente	49206	
427	dimmi	48943	?
428	pezzo	48906	
429	fidare	48820	
430	spiegare	48779	
431	colpire	48527	
432	cadere	48337	
433	guidare	48194	
434	tizio	48180	
435	faro	48038	
436	saltare	47852	
437	esattamente	47713	
438	lontano	47561	
439	ordine	47350	
440	presentare	47171	
441	preferire	47167	
442	proteggere	47056	
443	giovane	47026	
444	cane	46901	
445	sopra	46678	?
446	scherzare	46622	
447	pistola	46533	
448	rubare	46478	
449	notizia	46440	
450	capitano	46258	
451	alzare	45282	
452	facile	45247	
453	attento	45154	
454	imparare	45130	
455	be	44966	?
456	voce	44921	
457	fortuna	44910	
458	raccontare	44630	
459	umano	44601	
460	matrimonio	44349	
461	messaggio	44325	
462	luce	44230	
463	tratta	44206	
464	cena	44153	
465	genitore	43838	
466	fuoco	43795	
467	là	43774	?
468	interessare	43668	
469	causa	43569	
470	spiacere	43314	
471	the	43070	?
472	suonare	43040	
473	arrivato	42698	
474	preso	42613	
475	cura	42589	
476	avvocato	42286	
477	vittima	42190	
478	nero	41959	
479	situazione	41868	
480	buongiorno	41843	
481	dammi	41718	?
482	sicurezza	41672	
483	ospedale	41650	
484	grosso	41581	
485	john	41475	?
486	svegliare	41425	
487	zitto	41394	
488	offrire	41287	
489	farcire	41270	
490	scelta	41237	
491	girare	41130	
492	paese	41108	
493	attenzione	41069	
494	re	40945	?
495	dato	40838	
496	esistere	40679	
497	cioe	40593	?
498	ridere	40502	
499	attaccare	40486	
500	adorare	40400	
501	fammi	40278	?
502	creare	40275	
503	sesso	40238	
504	presidente	40206	
505	chiaro	40206	
506	però	40149	?
507	deciso	40061	
508	valere	39914	
509	aperto	39881	
510	idiota	39864	
511	sognare	39845	
512	milione	39640	
513	ballare	39558	
514	città	39454	?
515	crescere	39431	
516	citta	39401	?
517	medico	39332	
518	tranquillo	39268	
519	ringraziare	39266	
520	divertire	38981	
521	fermo	38975	
522	cliente	38971	
523	campo	38900	
524	buttare	38671	
525	revisione	38578	
526	speciale	38515	
527	chiave	38150	
528	leggere	38039	
529	ottenere	38026	
530	volare	38019	
531	giurare	37891	
532	new	37800	?
533	cielo	37748	
534	contare	37695	
535	salire	37665	
536	musica	37567	
537	bambina	37485	
538	giornata	37478	
539	accadere	37375	
540	chiunque	37356	?
541	pace	37262	
542	bagno	37262	
543	informazione	37093	
544	oddio	37008	?
545	jack	36995	?
546	odio	36943	
547	gruppo	36920	
548	amica	36883	
549	prigione	36781	
550	wow	36746	?
551	legge	36625	
552	colpo	36459	
553	fondo	36347	
554	combattere	36251	
555	assolutamente	36177	
556	arrestare	36158	
557	futuro	36046	
558	rompere	35949	
559	fatto	35861	
560	intenzione	35740	
561	distruggere	35696	
562	poliziotto	35645	
563	piuttosto	35583	?
564	intero	35448	
565	semplice	35376	
566	aria	35336	
567	mancare	35280	
568	carta	35190	
569	servizio	35089	
570	dieci	35039	
571	viaggio	35008	
572	sistema	34827	
573	solito	34686	
574	contento	34620	
575	scendere	34601	
576	vuol	34483	?
577	incidente	34351	
578	cantare	34319	
579	veloce	34309	
580	giù	34239	?
581	camera	34224	
582	battere	34194	
583	errore	34159	
584	capello	34144	
585	benissimo	34101	?
586	nave	34038	
587	sentito	33996	
588	verita	33992	?
589	grado	33856	
590	rapporto	33739	
591	sam	33675	?
592	qualunque	33626	?
593	santo	33518	
594	riprendere	33518	
595	onore	33359	
596	fra	33297	?
597	baciare	33266	
598	cibo	33222	
599	ferire	33150	
600	benvenuto	33085	
601	assassino	32891	
602	gran	32835	?
603	realta	32828	?
604	tagliare	32816	
605	insomma	32718	?
606	palla	32683	
607	verità	32541	?
608	consiglio	32436	
609	riguardo	32378	
610	giu	32316	?
611	pieno	32272	
612	appuntamento	32269	
613	insegnare	32233	
614	carino	32193	
615	trattare	32168	
616	ritornare	32152	
617	indossare	32008	
618	personale	31961	
619	fretta	31890	
620	finalmente	31841	
621	camminare	31751	
622	gamba	31657	
623	diritto	31620	
624	fregare	31517	
625	americano	31417	
626	é	31392	?
627	lettera	31357	
628	bocca	31345	
629	dev'	31186	?
630	effetto	31096	
631	oltre	31088	?
632	finche	30933	?
633	mattina	30684	
634	decidere	30651	
635	pubblico	30640	
636	scommettere	30586	
637	braccio	30536	
638	comportare	30478	
639	temere	30407	
640	rovinare	30366	
641	attraversare	30342	
642	normale	30293	
643	studio	30288	
644	natale	30272	
645	sistemare	30272	
646	circa	30207	?
647	rischiare	30199	
648	sala	30138	
649	ovviamente	30051	
650	aereo	30001	
651	piu'	29996	?
652	i'	29982	?
653	manco	29957	
654	gentile	29936	
655	meritare	29799	
656	convincere	29783	
657	scena	29584	
658	programma	29482	
659	generale	29472	
660	york	29432	?
661	vestito	29432	
662	perdonare	29432	
663	regola	29387	
664	unito	29331	
665	vestire	29286	
666	assicurare	29237	
667	povero	29199	
668	simile	29155	
669	guardia	29142	
670	dolce	29125	
671	paziente	29117	
672	spalla	29038	
673	ricerca	29014	
674	raggiungere	28815	
675	soltanto	28690	?
676	pero	28681	
677	passato	28651	
678	relazione	28634	
679	cristo	28557	
680	riportare	28544	
681	bloccare	28481	
682	costare	28458	
683	sorpresa	28389	
684	incredibile	28388	
685	caldo	28351	
686	notare	28273	
687	bianco	28269	
688	s	28200	?
689	lista	28191	
690	centro	28171	
691	vecchia	28158	
692	terribile	28121	
693	detective	28116	?
694	portato	28010	
695	perche'	27909	?
696	freddo	27884	
697	riguardare	27865	
698	costruire	27686	
699	zio	27651	
700	rispetto	27644	
701	pena	27596	
702	cavallo	27595	
703	questione	27576	
704	dolore	27530	
705	fortunato	27512	
706	respirare	27461	
707	oppure	27371	?
708	completamente	27354	
709	richiedere	27172	
710	avvicinare	27122	
711	finché	27114	?
712	canzone	27108	
713	spesso	27097	
714	regalo	27086	
715	tom	27062	?
716	ormai	27060	?
717	pericoloso	27058	
718	peccato	27048	
719	michael	26923	?
720	semplicemente	26865	
721	arrabbiare	26847	
722	specie	26799	
723	urlare	26770	
724	mille	26725	
725	fidanzato	26710	
726	contatto	26695	
727	compagnia	26645	
728	ucciso	26557	
729	posizione	26478	
730	guaio	26452	
731	glielo	26386	?
732	interessante	26368	
733	spostare	26367	
734	bisognare	26338	
735	libero	26264	
736	fallo	26188	
737	charlie	26128	?
738	ve	26043	?
739	segno	26019	
740	affrontare	26007	
741	fara	25996	?
742	invitare	25903	
743	base	25883	
744	occhiata	25781	
745	odiare	25765	
746	mike	25758	?
747	biglietto	25709	
748	addio	25692	
749	spaventare	25676	
750	guadagnare	25622	
751	considerare	25610	
752	linea	25589	
753	testimone	25491	
754	hey	25473	?
755	schifo	25451	
756	decisione	25429	
757	terzo	25418	
758	cervello	25365	
759	interno	25307	
760	riconoscere	25291	
761	saro	25272	?
762	mantenere	25262	
763	peggio	25238	?
764	soldato	25234	
765	addossare	25226	
766	animale	25209	
767	zona	25189	
768	crimine	25183	
769	negozio	25147	
770	nonna	25117	
771	trasferire	25067	
772	evitare	25039	
773	salute	25036	
774	realtà	25025	?
775	droga	25010	
776	fame	24920	
777	proposito	24857	
778	ritardo	24808	
779	necessario	24793	
780	duro	24789	
781	impossibile	24748	
782	episodio	24725	
783	joe	24476	?
784	frank	24392	?
785	casino	24373	
786	luogo	24347	
787	appartamento	24274	
788	rosso	24260	
789	dimostrare	24217	
790	bar	24183	?
791	anima	24079	
792	presente	24038	
793	lezione	24014	
794	cioè	23934	?
795	precedente	23798	
796	rilassare	23785	
797	ii	23745	?
798	fin	23741	?
799	compleanno	23716	
800	visita	23700	
801	serata	23659	
802	david	23649	?
803	vattene	23618	?
804	risolvere	23608	
805	nemico	23559	
806	intorno	23545	?
807	video	23506	
808	coinvolgere	23499	
809	spazio	23403	
810	ammazzare	23306	
811	coraggio	23216	
812	pranzo	23153	
813	peter	23034	?
814	riposare	22970	
815	george	22935	?
816	sette	22922	
817	reale	22909	
818	inglese	22898	
819	denaro	22890	
820	beccare	22885	
821	tristo	22749	
822	livello	22727	
823	qualcun	22683	?
824	mare	22675	
825	sicuramente	22658	
826	ammettere	22654	
827	birra	22637	
828	sbrigare	22547	
829	cellulare	22436	
830	missione	22390	
831	malato	22371	
832	ex	22343	?
833	basso	22309	
834	raccogliere	22293	
835	dottoressa	22287	
836	otto	22230	
837	pulire	22210	
838	forma	22139	
839	fronte	22136	
840	tale	22088	
841	rodere	22060	
842	ripetere	22051	
843	meraviglioso	22029	
844	messo	22009	
845	scarpa	22005	
846	nascere	21969	
847	desiderare	21877	
848	rivedere	21868	
849	pericolo	21849	
850	tv	21824	?
851	andra	21809	?
852	azione	21792	
853	occasione	21788	
854	james	21763	?
855	superare	21702	
856	soffrire	21674	
857	salutare	21654	
858	fumare	21651	
859	uh	21636	?
860	borsa	21597	
861	intelligente	21496	
862	silenzio	21489	
863	sospettare	21362	
864	direttore	21224	
865	stella	21104	
866	altrimenti	21096	?
867	esercito	21079	
868	organizzare	21073	
869	nonno	20966	
870	abbandonare	20943	
871	bomba	20891	
872	spingere	20868	
873	henry	20777	?
874	ragazzino	20761	
875	né	20709	?
876	impazzire	20685	
877	assumere	20628	
878	stamattina	20623	?
879	test	20601	?
880	progetto	20595	
881	stronzata	20582	
882	colore	20566	
883	ufficiale	20558	
884	accompagnare	20555	
885	metro	20552	
886	bruciare	20534	
887	albero	20498	
888	computer	20462	
889	diretto	20459	
890	governo	20443	
891	codice	20323	
892	gestire	20298	
893	alex	20274	?
894	oro	20247	
895	sposato	20242	
896	muro	20241	
897	professore	20210	
898	lato	20191	
899	fila	20189	
900	ordinare	20177	
901	dito	20126	
902	unire	20126	
903	sorridere	20124	
904	america	20120	?
905	dubbio	20105	
906	spettacolo	20091	
907	tavolo	20088	
908	speranza	20069	
909	dunque	20031	?
910	operazione	20012	
911	jane	20009	?
912	cucina	20009	
913	infatti	20007	?
914	possibilita	20002	?
915	fbi	19975	?
916	esempio	19968	
917	scorrere	19962	
918	buonanotte	19951	?
919	caccia	19944	
920	gay	19932	?
921	chiuso	19887	
922	tentare	19867	
923	max	19845	?
924	certamente	19845	
925	fingere	19808	
926	traccia	19745	
927	porco	19740	
928	ovunque	19714	?
929	club	19708	
930	ricco	19686	
931	paul	19678	?
932	regina	19610	
933	processo	19605	
934	diro	19586	
935	responsabile	19578	
936	bellissima	19570	?
937	giudice	19503	
938	studiare	19476	
939	costringere	19427	
940	maestro	19425	
941	firmare	19417	
942	finestra	19362	
943	stanotte	19355	?
944	matto	19340	
945	vuoto	19340	
946	spegnere	19314	
947	possibilità	19302	?
948	supporre	19289	
949	piena	19185	
950	affatto	19127	?
951	barca	19073	
952	classe	19058	
953	inferno	19054	
954	differenza	19046	
955	stagione	19009	
956	carina	19006	
957	incinto	18959	
958	chiesa	18917	
959	locale	18877	
960	comune	18864	
961	accusa	18813	
962	danny	18788	?
963	scorso	18783	
964	indovinare	18780	
965	ia	18725	?
966	pensiero	18721	
967	desiderio	18655	
968	sinistra	18643	
969	sarah	18618	?
970	cancellare	18603	
971	rifiutare	18598	
972	registrare	18590	
973	mica	18564	?
974	treno	18540	
975	percio	18522	?
976	banca	18494	
977	abitare	18451	
978	apprezzare	18410	
979	orribile	18372	
980	mary	18359	?
981	ehm	18270	?
982	enorme	18257	
983	col	18236	
984	sergente	18227	
985	compagno	18133	
986	parecchio	18129	
987	ubriaco	18121	
988	sopportare	18120	
989	vino	18118	
990	nick	18096	?
991	dannazione	18091	
992	falso	18067	
993	fiore	18014	
994	tradire	18012	
995	lanciare	18011	
996	segnale	17957	
997	carne	17952	
998	aiuto	17949	
999	discorso	17925	
1000	energia	17921	
1001	pelle	17911	
1002	pesce	17904	
1003	offerta	17865	
1004	luna	17860	
1005	comandante	17848	
1006	esperienza	17825	
1007	eroe	17820	
1008	figliolo	17818	
1009	arte	17811	
1010	ospite	17808	
1011	hotel	17754	?
1012	spirito	17673	
1013	eccolo	17645	?
1014	impegnare	17643	
1015	pianeta	17619	
1016	pressione	17588	
1017	cadavere	17579	
1018	miglior	17576	?
1019	pomeriggio	17570	
1020	de	17545	?
1021	scatola	17514	
1022	mossa	17511	
1023	innocente	17484	
1024	corso	17482	
1025	collega	17392	
1026	giornale	17388	
1027	maledizione	17386	
1028	allontanare	17331	
1029	documento	17305	
1030	prezzo	17296	
1031	destra	17264	
1032	sbagliato	17264	
1033	ritirare	17246	
1034	condizione	17223	
1035	jake	17148	?
1036	edificio	17139	
1037	membro	17121	
1038	colpevole	17118	
1039	telefonare	17115	
1040	consegnare	17064	
1041	arrivederci	17044	?
1042	periodo	17011	
1043	licenziare	17005	
1044	caffè	16996	?
1045	levare	16908	
1046	rimettere	16866	
1047	comando	16812	
1048	coppia	16768	
1049	accidente	16757	
1050	indagine	16742	
1051	indirizzo	16740	
1052	grave	16708	
1053	sogno	16703	
1054	nord	16664	?
1055	rumore	16657	
1056	riunione	16647	
1057	gatto	16635	
1058	jimmy	16613	?
1059	coprire	16608	
1060	perciò	16560	?
1061	richiamare	16543	
1062	fantasma	16539	
1063	congratulazione	16535	
1064	ristorante	16531	
1065	torta	16523	
1066	litigare	16511	
1067	gliel'	16490	?
1068	picchiare	16476	
1069	nato	16469	
1070	radio	16467	
1071	l	16466	?
1072	finta	16414	
1073	sveglio	16403	
1074	discutere	16402	
1075	zia	16401	
1076	interesse	16382	
1077	ritrovare	16312	
1078	difesa	16253	
1079	anello	16229	
1080	turno	16227	
1081	esame	16224	
1082	mollare	16208	
1083	confermare	16199	
1084	francese	16192	
1085	inutile	16136	
1086	gettare	16116	
1087	legale	16052	
1088	bellissimo	16047	?
1089	laboratorio	16022	
1090	appartenere	16013	
1091	trasformare	15979	
1092	campione	15976	
1093	caffo	15970	
1094	soprattutto	15943	?
1095	medicina	15910	
1096	passaggio	15908	
1097	fuggire	15907	
1098	fissare	15885	
1099	lingua	15875	
1100	criminale	15873	
1101	obiettivo	15860	
1102	sexy	15859	?
1103	sentimento	15857	
1104	sopravvivere	15854	
1105	onesto	15820	
1106	verde	15818	
1107	russo	15798	
1108	lavare	15797	
1109	contrario	15780	
1110	and	15723	?
1111	malattia	15716	
1112	battaglia	15708	
1113	utile	15667	
1114	proporre	15659	
1115	innamorare	15644	
1116	famoso	15625	
1117	dipendere	15614	
1118	qualcos'	15591	?
1119	stazione	15531	
1120	sorprendere	15525	
1121	completare	15505	
1122	emergenza	15491	
1123	opera	15469	
1124	telecamera	15416	
1125	debole	15405	
1126	jim	15377	?
1127	bugia	15372	
1128	steve	15344	?
1129	bill	15330	?
1130	tony	15325	?
1131	sporco	15318	
1132	avvertire	15307	
1133	sud	15297	?
1134	recuperare	15294	
1135	nervoso	15278	
1136	catturare	15276	
1137	inoltre	15258	?
1138	accendere	15241	
1139	ray	15221	?
1140	profondo	15189	
1141	principe	15176	
1142	destino	15162	
1143	odore	15114	
1144	scomparire	15106	
1145	dente	15102	
1146	gesu	15033	?
1147	legare	15002	
1148	collo	14975	
1149	harry	14972	?
1150	spendere	14959	
1151	dividere	14943	
1152	cavare	14937	
1153	naturalmente	14923	
1154	arrabbiato	14916	
1155	colazione	14903	
1156	grandioso	14901	
1157	tommy	14889	?
1158	carriera	14825	
1159	scala	14825	
1160	stancare	14803	
1161	causare	14785	
1162	studente	14724	
1163	fiducia	14723	
1164	maggior	14720	?
1165	peso	14716	
1166	impronta	14693	
1167	gridare	14597	
1168	angelo	14595	
1169	votare	14541	
1170	contattare	14539	
1171	quartiere	14532	
1172	meta	14519	
1173	nove	14467	
1174	avra	14464	?
1175	furgone	14461	
1176	orecchio	14447	
1177	isola	14443	
1178	condividere	14420	
1179	improvviso	14408	
1180	sceriffo	14393	
1181	memoria	14393	
1182	militare	14382	
1183	scambiare	14369	
1184	superiore	14366	
1185	blu	14343	?
1186	assurdo	14334	
1187	maledetto	14325	
1188	dipartimento	14321	
1189	risparmiare	14321	
1190	sensazione	14309	
1191	coltello	14309	
1192	contratto	14292	
1193	pausa	14291	
1194	will	14285	?
1195	tranne	14279	?
1196	bob	14265	?
1197	calcio	14252	
1198	corte	14246	
1199	nipote	14235	
1200	ovvio	14222	
1201	giustizia	14199	
1202	fiero	14186	
1203	immediatamente	14180	
1204	pagina	14176	
1205	college	14159	
1206	doppio	14149	
1207	abbassare	14145	
1208	agire	14140	
1209	vacanza	14123	
1210	cacciare	14110	
1211	scomparsa	14108	
1212	valore	14087	
1213	godere	14085	
1214	capace	14046	
1215	particolare	14043	
1216	fianco	14020	
1217	bianca	13997	
1218	principale	13994	
1219	razza	13990	
1220	ryan	13986	?
1221	termine	13930	
1222	praticamente	13926	
1223	concentrare	13925	
1224	osso	13899	
1225	naso	13889	
1226	bottiglia	13889	
1227	accanto	13878	?
1228	tribunale	13866	
1229	aggiungere	13851	
1230	uccello	13826	
1231	minaccia	13820	
1232	riferire	13724	
1233	buco	13716	
1234	rotto	13713	
1235	risultare	13711	
1236	londra	13697	?
1237	arrendere	13666	
1238	persino	13662	?
1239	difendere	13662	
1240	donare	13661	
1241	breve	13635	
1242	amy	13630	?
1243	billy	13615	?
1244	cosi'	13573	?
1245	impedire	13561	
1246	faccenda	13525	
1247	colonnello	13506	
1248	assistente	13479	
1249	richard	13478	?
1250	ladro	13473	
1251	aumentare	13460	
1252	conoscenza	13447	
1253	inviare	13447	
1254	laggiù	13437	?
1255	resistere	13431	
1256	lee	13427	?
1257	soluzione	13421	
1258	you	13405	?
1259	ridicolo	13401	
1260	festeggiare	13401	
1261	pugno	13380	
1262	natura	13284	
1263	evento	13284	
1264	complicato	13278	
1265	perdita	13246	
1266	premio	13228	
1267	verra	13224	?
1268	piatto	13214	
1269	project	13202	?
1270	sedia	13195	
1271	interrompere	13181	
1272	procedere	13159	
1273	bicchiere	13148	
1274	angolo	13139	
1275	bordo	13132	
1276	don	13077	?
1277	anzi	13065	?
1278	uguale	13045	
1279	accesso	13026	
1280	digli	13014	?
1281	eccitare	13011	
1282	daniel	13010	?
1283	fiume	12991	
1284	conosciuto	12982	
1285	conversazione	12960	
1286	cattiva	12946	
1287	frequentare	12940	
1288	montagna	12930	
1289	compire	12926	
1290	sincero	12920	
1291	parigi	12917	?
1292	avvisare	12913	
1293	dichiarare	12891	
1294	kevin	12887	?
1295	sostenere	12881	
1296	sessuale	12880	
1297	accorgere	12863	
1298	andartene	12862	?
1299	centrale	12856	
1300	magia	12831	
1301	insegnante	12829	
1302	teoria	12826	
1303	proiettile	12822	
1304	stile	12796	
1305	lottare	12793	
1306	trattenere	12793	
1307	srt	12789	?
1308	separare	12788	
1309	stronza	12777	?
1310	uovo	12771	
1311	buio	12760	
1312	los	12758	?
1313	quarto	12733	
1314	ponte	12727	
1315	johnny	12726	?
1316	privato	12720	
1317	sparire	12706	
1318	show	12695	?
1319	genio	12674	
1320	scaricare	12668	
1321	inventare	12651	
1322	stavolta	12650	?
1323	mark	12650	?
1324	limite	12634	
1325	anna	12617	?
1326	sprecare	12609	
1327	resto	12581	
1328	procuratore	12574	
1329	stanco	12557	
1330	gioco	12542	
1331	beare	12514	
1332	oggetto	12499	
1333	metà	12498	?
1334	splendido	12498	
1335	maria	12448	?
1336	fede	12448	
1337	disturbare	12434	
1338	dritto	12430	
1339	accusare	12411	
1340	finale	12392	
1341	rinunciare	12389	
1342	lupo	12385	
1343	campagna	12376	
1344	stampa	12375	
1345	retro	12373	
1346	politica	12373	
1347	pantalone	12357	
1348	spada	12349	
1349	area	12338	
1350	possedere	12329	
1351	atto	12324	
1352	ultimamente	12319	
1353	kate	12295	?
1354	estate	12272	
1355	chris	12245	?
1356	bugiardo	12245	
1357	curare	12234	
1358	pratica	12204	
1359	spia	12199	
1360	esplodere	12194	
1361	dna	12172	?
1362	partecipare	12141	
1363	miss	12140	?
1364	azienda	12122	
1365	ricominciare	12120	
1366	giudicare	12105	
1367	esperto	12078	
1368	mercato	12075	
1369	andro	12073	?
1370	positivo	12071	
1371	articolo	12062	
1372	debito	12045	
1373	tedesco	12040	
1374	nazionale	12026	
1375	ragazzina	12021	
1376	of	12018	?
1377	identificare	12018	
1378	ognuno	12006	?
1379	robert	12005	?
1380	risultato	11993	
1381	vaffanculo	11984	?
1382	adam	11978	?
1383	suggerire	11978	
1384	pista	11976	
1385	media	11959	
1386	gesù	11958	?
1387	taxi	11909	?
1388	proprietario	11907	
1389	villaggio	11899	
1390	ala	11895	
1391	sottotitolo	11891	
1392	naturale	11891	
1393	rilasciare	11889	
1394	fisico	11888	
1395	sguardo	11886	
1396	latte	11874	
1397	brian	11829	?
1398	fallire	11827	
1399	cinese	11820	
1400	principessa	11819	
1401	pollo	11807	
1402	charles	11784	?
1403	angeles	11783	?
1404	schiena	11778	
1405	federale	11772	
1406	parco	11762	
1407	palazzo	11753	
1408	sindaco	11749	
1409	tradurre	11745	
1410	nonostante	11744	?
1411	bellezza	11740	
1412	motore	11686	
1413	scott	11679	?
1414	rachel	11674	?
1415	incastrare	11671	
1416	bobby	11670	?
1417	orologio	11666	
1418	dettaglio	11661	
1419	ignorare	11659	
1420	preciso	11646	
1421	chiaramente	11631	
1422	straordinario	11623	
1423	importanza	11612	
1424	confessare	11584	
1425	osservare	11558	
1426	osare	11550	
1427	sbattere	11545	
1428	movimento	11529	
1429	puntare	11526	
1430	vento	11507	
1431	gara	11502	
1432	antico	11462	
1433	buonasera	11446	?
1434	viaggiare	11442	
1435	laggiu	11436	?
1436	decisamente	11430	
1437	washington	11424	?
1438	cappello	11391	
1439	erba	11376	
1440	orgoglioso	11375	
1441	secolo	11365	
1442	socio	11354	
1443	ispettore	11347	
1444	eliminare	11330	
1445	minacciare	11322	
1446	attesa	11316	
1447	pietra	11316	
1448	maniera	11305	
1449	drink	11298	?
1450	disposto	11295	
1451	ghiaccio	11285	
1452	popolo	11269	
1453	padrone	11262	
1454	innamorato	11260	
1455	distanza	11257	
1456	lieto	11257	
1457	migliorare	11244	
1458	avro	11243	?
1459	pesante	11243	
1460	eddie	11213	?
1461	andy	11212	?
1462	preferito	11198	
1463	rientrare	11197	
1464	tetto	11165	
1465	magnifico	11156	
1466	opinione	11148	
1467	dubitare	11148	
1468	privare	11124	
1469	adulto	11093	
1470	claire	11086	?
1471	walter	11076	?
1472	comprendere	11066	
1473	chilometro	11063	
1474	amante	11063	
1475	emma	11059	?
1476	fonte	11058	
1477	carico	11032	
1478	emily	11031	?
1479	dirigere	11025	
1480	talento	11021	
1481	rispettare	11019	
1482	giardino	10984	
1483	esagerare	10976	
1484	super	10972	?
1485	strega	10972	
1486	eppure	10971	?
1487	procurare	10959	
1488	ll	10944	?
1489	largo	10943	
1490	spiaggia	10934	
1491	cugino	10921	
1492	eccoci	10909	?
1493	ritenere	10908	
1494	prigioniero	10883	
1495	doccia	10873	
1496	disturbo	10870	
1497	rappresentare	10859	
1498	cieco	10846	
1499	indicare	10840	
1500	migliaio	10821	
1501	camion	10818	?
1502	trucco	10815	
1503	ingannare	10803	
1504	apparire	10802	
1505	altezza	10781	
1506	fucile	10775	
1507	onda	10775	
1508	ruolo	10772	
1509	universo	10771	
1510	vittoria	10760	
1511	creatura	10745	
1512	sigaretta	10743	
1513	purtroppo	10734	?
1514	eccola	10729	?
1515	confondere	10715	
1516	scordare	10694	
1517	informare	10693	
1518	martin	10686	?
1519	ebreo	10674	
1520	direttamente	10664	
1521	ie	10659	?
1522	rintracciare	10659	
1523	cento	10634	
1524	andarmene	10619	?
1525	seriamente	10614	
1526	copertura	10610	
1527	sconfiggere	10595	
1528	familiare	10564	
1529	allarme	10561	
1530	maschio	10558	
1531	funerale	10545	
1532	copia	10519	
1533	grace	10514	?
1534	direzione	10510	
1535	restituire	10510	
1536	infermiera	10501	
1537	età	10481	?
1538	sito	10465	
1539	combinare	10451	
1540	cinema	10448	?
1541	t	10445	?
1542	trappola	10433	
1543	spezzare	10425	
1544	josh	10419	?
1545	sabato	10417	
1546	disegnare	10415	
1547	abbracciare	10414	
1548	sfuggire	10414	
1549	viso	10413	
1550	indagare	10408	
1551	to	10402	?
1552	recente	10387	
1553	internet	10377	?
1554	eric	10371	?
1555	tetta	10371	
1556	cancro	10360	
1557	adatto	10360	
1558	cucinare	10333	
1559	società	10326	?
1560	occupato	10320	
1561	quand'	10314	?
1562	nient'	10313	?
1563	capitare	10307	
1564	maiale	10299	
1565	kim	10296	?
1566	civile	10292	
1567	pulito	10274	
1568	cella	10273	
1569	pete	10258	?
1570	perfettamente	10251	
1571	autobus	10237	?
1572	spaventato	10229	
1573	porta	10228	
1574	pillola	10222	
1575	jason	10211	?
1576	fuga	10182	
1577	negare	10159	
1578	definire	10157	
1579	thomas	10156	?
1580	contenere	10143	
1581	ministro	10136	
1582	bosco	10129	
1583	liceo	10127	
1584	artista	10114	
1585	matt	10101	?
1586	noioso	10080	
1587	giornalista	10079	
1588	rivelare	10051	
1589	accomodare	10037	
1590	zero	10025	
1591	alice	10022	?
1592	commesso	10002	
1593	incendio	10001	
1594	vomitare	9997	
1595	cambiamento	9996	
1596	sociale	9983	
1597	ginocchio	9980	
1598	andarsene	9974	?
1599	coraggioso	9920	
1600	velocemente	9917	
1601	tentativo	9917	
1602	potente	9911	
1603	killer	9907	
1604	domenica	9906	
1605	paradiso	9888	
1606	rabbia	9876	
1607	riparare	9873	
1608	sano	9864	
1609	nota	9849	
1610	grato	9846	
1611	collegare	9845	
1612	mr	9829	?
1613	dimmelo	9821	?
1614	rivolgere	9821	
1615	armato	9819	
1616	annie	9818	?
1617	tasca	9816	
1618	o'	9803	?
1619	violenza	9801	
1620	amicizia	9792	
1621	figo	9784	?
1622	giacca	9784	
1623	delizioso	9776	
1624	lotta	9775	
1625	libertà	9763	?
1626	liso	9754	
1627	centinaio	9751	
1628	vampiro	9741	
1629	nazione	9736	
1630	immagine	9735	
1631	nascosto	9730	
1632	esterno	9707	
1633	tantissimo	9702	?
1634	ombra	9702	
1635	guarire	9699	
1636	presenza	9685	
1637	rete	9685	
1638	scattare	9682	
1639	valigia	9671	
1640	incubo	9629	
1641	folle	9621	
1642	gratis	9618	?
1643	miracolo	9605	
1644	badare	9596	
1645	demone	9594	
1646	vendetta	9591	
1647	dichiarazione	9583	
1648	pilota	9572	
1649	comodo	9566	
1650	chuck	9555	?
1651	partner	9545	
1652	luke	9544	?
1653	prodotto	9524	
1654	c	9515	?
1655	mattino	9513	
1656	negativo	9509	
1657	trasportare	9508	
1658	attendere	9504	
1659	quadro	9490	
1660	versione	9476	
1661	venti	9473	
1662	simon	9468	?
1663	recitare	9455	
1664	conseguenza	9453	
1665	personaggio	9450	
1666	magico	9446	
1667	ted	9437	?
1668	sorta	9432	
1669	stretto	9409	
1670	modello	9406	
1671	nudo	9406	
1672	eta	9389	?
1673	abby	9387	?
1674	succedera	9386	?
1675	disastro	9382	
1676	garantire	9371	
1677	oscuro	9368	
1678	gusto	9366	
1679	vendita	9353	
1680	romantico	9345	
1681	albergo	9336	
1682	costume	9334	
1683	street	9307	?
1684	geloso	9301	
1685	condurre	9296	
1686	lamentare	9296	
1687	domattina	9294	?
1688	indiano	9294	
1689	credito	9293	
1690	rifare	9285	
1691	protezione	9282	
1692	bestia	9267	
1693	aeroporto	9265	
1694	attore	9254	
1695	legame	9245	
1696	pur	9243	?
1697	prestito	9242	
1698	divertito	9242	
1699	lucy	9227	?
1700	andarcene	9225	?
1701	est	9216	?
1702	trascinare	9194	
1703	fastidio	9191	
1704	terapia	9190	
1705	banda	9188	
1706	filo	9171	
1707	pizza	9163	
1708	gioia	9147	
1709	mordere	9142	
1710	cittadino	9137	
1711	realizzare	9134	
1712	danno	9129	
1713	scienza	9117	
1714	lady	9108	?
1715	rossa	9100	
1716	nuotare	9085	
1717	stabilire	9066	
1718	taglia	9022	
1719	esplosione	9021	
1720	fido	9009	
1721	laura	8997	?
1722	titolo	8997	
1723	bell'	8993	?
1724	sig	8992	?
1725	francia	8982	?
1726	vergognare	8980	
1727	confine	8974	
1728	roma	8971	?
1729	regno	8939	
1730	assegno	8937	
1731	ambulanza	8922	
1732	imbarazzante	8921	
1733	gelato	8911	
1734	dappertutto	8907	?
1735	dave	8907	?
1736	fornire	8904	
1737	tè	8898	?
1738	hank	8895	?
1739	finora	8876	?
1740	gas	8863	?
1741	pavimento	8860	
1742	risposta	8858	
1743	gola	8852	
1744	comportamento	8851	
1745	agenzia	8851	
1746	patto	8849	
1747	scemo	8847	
1748	polvere	8842	
1749	inseguire	8837	
1750	gloria	8835	
1751	camicia	8831	
1752	mostro	8827	
1753	riempire	8826	
1754	dimenticato	8819	
1755	moto	8818	
1756	percento	8815	?
1757	jeff	8809	?
1758	vorra	8806	?
1759	carl	8802	?
1760	dannato	8799	
1761	dovuto	8795	
1762	vantaggio	8787	
1763	assieme	8765	?
1764	giocatore	8747	
1765	pane	8739	
1766	city	8732	?
1767	park	8725	?
1768	appunto	8721	
1769	scavare	8718	
1770	totale	8711	
1771	affascinante	8708	
1772	soccorso	8703	
1773	incazzare	8686	
1774	terreno	8676	
1775	tazza	8675	
1776	intervento	8673	
1777	disgustoso	8670	
1778	chilo	8655	
1779	sean	8654	?
1780	potra	8650	?
1781	puzza	8646	
1782	violento	8642	
1783	rapire	8627	
1784	adorabile	8621	
1785	crisi	8620	?
1786	minimo	8606	
1787	inghilterra	8602	?
1788	riavere	8587	
1789	chicago	8563	?
1790	comunicare	8543	
1791	avvenire	8527	
1792	materiale	8525	
1793	william	8523	?
1794	argomento	8523	
1795	scientifico	8516	
1796	weekend	8488	?
1797	reggere	8478	
1798	rapina	8475	
1799	scherzo	8469	
1800	visione	8468	
1801	lord	8444	?
1802	furto	8443	
1803	basare	8442	
1804	traffico	8439	
1805	provocare	8438	
1806	raggio	8437	
1807	originale	8432	
1808	sterlina	8431	
1809	operare	8431	
1810	corda	8421	
1811	larry	8415	?
1812	divano	8415	
1813	pazzesco	8415	
1814	sviluppare	8399	
1815	compiere	8397	
1816	m	8391	?
1817	dean	8379	?
1818	furbo	8373	
1819	scrivania	8362	
1820	parcheggio	8353	
1821	spiegazione	8348	
1822	suicidio	8345	
1823	esaminare	8343	
1824	dovro	8330	?
1825	dillo	8316	?
1826	lago	8308	
1827	professionista	8307	
1828	commissione	8299	
1829	emozione	8293	
1830	deluso	8293	
1831	kyle	8289	?
1832	pioggia	8282	
1833	tenda	8277	
1834	stomaco	8260	
1835	topo	8256	
1836	ingresso	8247	
1837	alare	8244	
1838	singolo	8237	
1839	formaggio	8234	
1840	analisi	8228	?
1841	bersaglio	8224	
1842	promessa	8221	
1843	sissignore	8216	?
1844	rubato	8216	
1845	dannare	8214	
1846	phil	8210	?
1847	risorsa	8208	
1848	baby	8206	?
1849	dipingere	8205	
1850	facilmente	8203	
1851	sufficiente	8196	
1852	riflettere	8193	
1853	attorno	8189	?
1854	miglio	8187	
1855	alieno	8187	
1856	corridoio	8177	
1857	grasso	8175	
1858	investire	8165	
1859	puo'	8163	?
1860	tavola	8152	
1861	teatro	8123	
1862	orario	8123	
1863	jerry	8114	?
1864	interrogare	8113	
1865	societa	8112	?
1866	preparato	8110	
1867	neppure	8107	?
1868	piscina	8101	
1869	moda	8084	
1870	louis	8080	?
1871	condotto	8073	
1872	mila	8071	?
1873	lento	8068	
1874	reagire	8068	
1875	prezioso	8067	
1876	divorzio	8061	
1877	curioso	8061	
1878	maschera	8054	
1879	abituare	8052	
1880	lily	8050	?
1881	concerto	8038	
1882	assomigliare	8029	
1883	eccoti	8027	?
1884	cia	8021	?
1885	solamente	8017	
1886	chissà	8017	?
1887	fase	8010	
1888	magazzino	8002	
1889	ferita	7999	
1890	utilizzare	7975	
1891	specialmente	7971	
1892	rallentare	7962	
1893	prestare	7958	
1894	descrivere	7954	
1895	tomba	7951	
1896	illegale	7941	
1897	legato	7937	
1898	roger	7933	?
1899	tacere	7928	
1900	giunto	7928	
1901	tuttavia	7916	?
1902	virus	7901	?
1903	liberta	7901	?
1904	giapponese	7898	
1905	volgere	7895	
1906	jenny	7893	?
1907	pensione	7891	
1908	carter	7890	?
1909	clark	7880	?
1910	colorare	7871	
1911	infilare	7867	
1912	frattempo	7852	?
1913	divertimento	7852	
1914	leo	7847	?
1915	fiamma	7846	
1916	affitto	7832	
1917	neve	7819	
1918	elettrico	7814	
1919	barry	7811	?
1920	castello	7799	
1921	discussione	7798	
1922	mucchio	7797	
1923	prete	7796	
1924	impressione	7795	
1925	morale	7785	
1926	giuria	7780	
1927	mappa	7780	
1928	occhiale	7773	
1929	orso	7771	
1930	clinica	7759	
1931	disponibile	7749	
1932	gary	7743	?
1933	denunciare	7735	
1934	resynch	7734	?
1935	disco	7734	
1936	crollare	7732	
1937	insistere	7731	
1938	lana	7719	
1939	corretto	7714	
1940	stringere	7708	
1941	frase	7686	
1942	attirare	7682	
1943	kelly	7675	?
1944	punire	7674	
1945	governatore	7647	
1946	obbligare	7639	
1947	spazzatura	7638	
1948	consegna	7628	
1949	fattoria	7624	
1950	maggie	7620	?
1951	reazione	7616	
1952	assicurazione	7610	
1953	firma	7601	
1954	morgan	7600	?
1955	team	7592	?
1956	puntata	7587	
1957	taylor	7579	?
1958	strappare	7572	
1959	panico	7570	
1960	eccellente	7565	
1961	tecnologia	7564	
1962	petto	7563	
1963	ostaggio	7550	
1964	marina	7548	
1965	peggiorare	7538	
1966	mezz'	7537	?
1967	carica	7532	
1968	sorveglianza	7527	
1969	senatore	7524	
1970	sonno	7522	
1971	ruota	7509	
1972	spaccare	7505	
1973	impegnato	7492	
1974	elizabeth	7488	?
1975	allenare	7474	
1976	panino	7457	
1977	sé	7454	?
1978	sbirro	7454	
1979	daro	7453	?
1980	gigante	7451	
1981	amanda	7450	?
1982	sospetto	7444	
1983	maglietta	7441	
1984	previsto	7437	
1985	annullare	7436	
1986	invitato	7435	
1987	custodia	7434	
1988	coperta	7432	
1989	dovra	7428	?
1990	jackson	7409	?
1991	coso	7407	?
1992	vicenda	7394	
1993	augurio	7386	
1994	epoca	7365	
1995	leggero	7363	
1996	molly	7362	?
1997	rivista	7360	
1998	passeggiata	7353	
1999	traditore	7346	
2000	violare	7340	
2001	perfino	7339	?
2002	lentamente	7335	
2003	vergogna	7319	
2004	chloe	7310	?
2005	fabbrica	7310	
2006	specchio	7310	
2007	pazienza	7308	
2008	politico	7298	
2009	buffo	7294	
2010	ripulire	7291	
2011	circondare	7288	
2012	cima	7286	
2013	struttura	7283	
2014	malapena	7280	?
2015	premere	7279	
2016	sostituire	7278	
2017	concludere	7277	
2018	svolgere	7274	
2019	karen	7263	?
2020	rimuovere	7252	
2021	tempesta	7251	
2022	foresta	7249	
2023	dedicare	7242	
2024	risolto	7233	
2025	farmaco	7228	
2026	passione	7226	
2027	voto	7215	
2028	complimento	7210	
2029	istruzione	7210	
2030	nathan	7207	?
2031	merito	7197	
2032	esperimento	7195	
2033	autista	7187	
2034	augurare	7184	
2035	falla	7183	
2036	anticipo	7182	
2037	follia	7171	
2038	band	7169	?
2039	anziano	7168	
2040	sbaglio	7164	
2041	profilo	7161	
2042	california	7158	?
2043	indizio	7157	
2044	regalare	7146	
2045	alba	7140	
2046	probabile	7137	
2047	italiano	7135	
2048	scrittore	7131	
2049	chimico	7131	
2050	scimmia	7130	
2051	aggredire	7124	
2052	sciocchezza	7115	
2053	julia	7111	?
2054	coincidenza	7110	
2055	assaggiare	7104	
2056	miliardo	7097	
2057	galera	7092	
2058	staccare	7087	
2059	terrorista	7086	
2060	serpente	7085	
2061	profumo	7084	
2062	andiamocene	7075	?
2063	diamine	7071	?
2064	concedere	7069	
2065	visitare	7062	
2066	victor	7053	?
2067	nastro	7048	
2068	comunicazione	7046	
2069	università	7041	?
2070	babbo	7040	
2071	spagnolo	7040	
2072	opzione	7036	
2073	stara	7033	?
2074	patrick	7032	?
2075	brindare	7032	
2076	brillante	7027	
2077	ascensore	7026	
2078	ovest	7021	?
2079	provenire	7017	
2080	susan	7011	?
2081	personalmente	7010	
2082	b	7007	?
2083	assistere	7005	
2084	coach	6993	?
2085	carcere	6980	
2086	spesa	6978	
2087	mezzanotte	6978	
2088	caspita	6976	?
2089	tim	6976	?
2090	supporto	6972	
2091	vetro	6970	
2092	cretino	6970	
2093	istante	6969	
2094	zucchero	6969	
2095	cassa	6949	
2096	lacrima	6944	
2097	soggetto	6943	
2098	totalmente	6940	
2099	lancia	6927	
2100	registrazione	6926	
2101	labbro	6920	
2102	spedire	6918	
2103	rifugio	6913	
2104	drogare	6907	
2105	mancanza	6888	
2106	pentire	6888	
2107	inserire	6875	
2108	stammi	6871	?
2109	elicottero	6869	
2110	fotografia	6868	
2111	sparito	6866	?
2112	ferro	6866	
2113	figura	6862	
2114	metodo	6856	
2115	jones	6852	?
2116	km	6850	?
2117	n	6849	?
2118	greg	6849	?
2119	mistero	6847	
2120	testare	6847	
2121	conferenza	6844	
2122	stufo	6830	
2123	seppellire	6830	
2124	deserto	6826	
2125	giudizio	6824	
2126	completo	6823	
2127	smith	6822	?
2128	yo	6816	?
2129	cavaliere	6815	
2130	torre	6809	
2131	stupendo	6803	
2132	sfida	6798	
2133	rimandare	6798	
2134	champagne	6786	?
2135	maestà	6786	?
2136	sir	6783	?
2137	sezione	6782	
2138	oliver	6776	?
2139	calmo	6776	
2140	incarico	6761	
2141	catena	6757	
2142	ambiente	6756	
2143	fico	6756	
2144	canale	6754	
2145	rock	6742	?
2146	istinto	6742	
2147	misura	6741	
2148	tyler	6738	?
2149	mondiale	6735	
2150	arthur	6734	?
2151	spaventoso	6734	
2152	reparto	6732	
2153	documentare	6728	
2154	cassetta	6727	
2155	oceano	6725	
2156	dea	6725	
2157	single	6720	?
2158	interessato	6720	
2159	eseguire	6717	
2160	ln	6709	?
2161	diario	6704	
2162	coscienza	6699	
2163	amen	6695	?
2164	bussare	6693	
2165	appassionare	6685	
2166	opportunità	6684	?
2167	sollevare	6684	
2168	organizzazione	6681	
2169	suicidare	6681	
2170	diamante	6678	
2171	schifoso	6677	
2172	mentale	6673	
2173	attività	6670	?
2174	scontare	6668	
2175	piacevole	6666	
2176	distrutto	6662	
2177	leader	6659	
2178	football	6658	?
2179	convenire	6657	
2180	unità	6646	?
2181	schiavo	6646	
2182	charlotte	6644	?
2183	tratto	6639	
2184	derek	6635	?
2185	sciocco	6632	
2186	sacro	6627	
2187	riunire	6626	
2188	opportunita	6623	?
2189	rimediare	6616	
2190	penna	6615	
2191	po'	6614	
2192	testimoniare	6612	
2193	episode	6604	?
2194	professionale	6601	
2195	rischio	6593	
2196	poesia	6583	
2197	olivia	6577	?
2198	d	6574	?
2199	terry	6571	?
2200	sinceramente	6563	
2201	infinito	6562	
2202	elena	6558	?
2203	compito	6552	
2204	ross	6549	?
2205	punizione	6549	
2206	autorizzare	6549	
2207	europa	6548	?
2208	distretto	6548	
2209	portafoglio	6547	
2210	avventura	6542	
2211	tunnel	6534	?
2212	attivita	6531	?
2213	season	6531	?
2214	retta	6530	
2215	robin	6527	?
2216	sospeso	6526	
2217	domestico	6523	
2218	cintura	6522	
2219	amato	6521	
2220	saggio	6515	
2221	gomma	6509	
2222	palco	6508	
2223	accogliere	6500	
2224	negro	6494	
2225	costoso	6476	
2226	howard	6475	?
2227	figurato	6470	
2228	helen	6465	?
2229	crudele	6465	
2230	responsabilità	6458	?
2231	scoppiare	6456	
2232	presumere	6454	
2233	raro	6453	
2234	prostituta	6447	
2235	strumento	6446	
2236	messico	6445	?
2237	circostanza	6443	
2238	veicolo	6437	
2239	mela	6436	
2240	mosca	6431	
2241	dipendente	6430	
2242	red	6422	?
2243	pelo	6422	
2244	marco	6419	
2245	oscar	6418	?
2246	egli	6416	?
2247	settore	6412	
2248	centesimo	6405	
2249	nascita	6399	
2250	uniforme	6399	
2251	penny	6394	?
2252	vice	6394	?
2253	rebecca	6389	?
2254	corto	6389	
2255	ammirare	6389	
2256	meraviglia	6380	
2257	appoggiare	6378	
2258	jeremy	6377	?
2259	approvare	6377	
2260	influenza	6373	
2261	procedura	6372	
2262	jo	6369	?
2263	eccomi	6360	?
2264	scorta	6358	
2265	tatuaggio	6353	
2266	svenire	6352	
2267	jay	6351	?
2268	nobile	6347	
2269	progresso	6343	
2270	jordan	6342	?
2271	addormentare	6342	
2272	iniziato	6340	
2273	west	6339	?
2274	sport	6334	?
2275	stendere	6331	
2276	sfortunatamente	6329	
2277	televisione	6329	
2278	veleno	6323	
2279	my	6317	?
2280	onestamente	6317	
2281	voltare	6317	
2282	cerimonia	6312	
2283	pasto	6299	
2284	emozionare	6298	
2285	casey	6289	?
2286	analizzare	6285	
2287	all	6281	?
2288	partenza	6278	
2289	coda	6276	
2290	alcol	6268	?
2291	torto	6266	
2292	pisciare	6258	
2293	pochino	6245	?
2294	mortale	6243	
2295	concentrato	6236	
2296	ringraziamento	6229	
2297	palestra	6227	
2298	colloquio	6227	
2299	simpatico	6225	
2300	malvagio	6225	
2301	biblioteca	6224	
2302	commerciale	6215	
2303	femmina	6213	
2304	benzina	6211	
2305	preghiera	6211	
2306	offesa	6207	
2307	rick	6205	?
2308	king	6194	?
2309	vincent	6193	?
2310	beth	6189	?
2311	roccia	6188	
2312	misterioso	6187	
2313	conservare	6187	
2314	quant'	6183	?
2315	avanzare	6182	
2316	collaborare	6180	
2317	aggressione	6179	
2318	condannare	6176	
2319	garage	6170	?
2320	lascero	6167	?
2321	straniero	6167	
2322	andrew	6166	?
2323	combattimento	6164	
2324	sara'	6160	?
2325	inverno	6151	
2326	letteralmente	6146	
2327	ione	6142	?
2328	delitto	6138	
2329	risata	6138	
2330	frankie	6137	?
2331	baseball	6137	?
2332	ridotto	6135	
2333	prendero	6132	?
2334	convinto	6130	
2335	tubo	6128	
2336	venerdi	6127	?
2337	percorso	6126	
2338	scienziato	6124	
2339	cartello	6122	
2340	urgente	6121	
2341	dosso	6120	
2342	marcia	6118	
2343	nominare	6115	
2344	piovere	6115	
2345	dolcezza	6114	
2346	cenare	6111	
2347	proprieta	6104	?
2348	reputazione	6100	
2349	hannah	6099	?
2350	jamie	6097	?
2351	armadio	6095	
2352	gioiello	6091	
2353	economico	6090	
2354	gesto	6084	
2355	produrre	6083	
2356	dodici	6082	
2357	marcus	6081	?
2358	joey	6080	?
2359	bimbo	6080	
2360	esprimere	6080	
2361	incontro	6069	
2362	reato	6062	
2363	universita	6058	?
2364	angela	6054	?
2365	confrontare	6054	
2366	man	6053	?
2367	fedele	6053	
2368	on	6051	?
2369	big	6051	?
2370	bruce	6047	?
2371	generazione	6043	
2372	affidare	6031	
2373	assicurato	6026	
2374	incantesimo	6025	
2375	territorio	6024	
2376	atterrare	6023	
2377	cioccolato	6022	
2378	carro	6022	
2379	talmente	6009	
2380	ricky	6008	?
2381	filmare	6007	
2382	chiacchiera	6003	
2383	incrociare	6001	
2384	huh	5998	?
2385	batteria	5992	
2386	tecnica	5990	
2387	bagaglio	5988	
2388	um	5987	?
2389	sanguinare	5985	
2390	verificare	5983	
2391	controllo	5977	
2392	riserva	5970	
2393	umore	5963	
2394	prenotare	5960	
2395	ethan	5959	?
2396	formare	5958	
2397	olio	5957	
2398	attivo	5957	
2399	jackie	5956	?
2400	valle	5955	
2401	robot	5948	?
2402	abitudine	5948	
2403	cooper	5945	?
2404	fantasia	5941	
2405	ufficialmente	5940	
2406	proprietà	5935	?
2407	vincitore	5927	
2408	annuncio	5923	
2409	eterno	5921	
2410	imbarazzo	5920	
2411	jesse	5919	?
2412	online	5912	?
2413	cedere	5912	
2414	fred	5910	?
2415	impresa	5900	
2416	agio	5899	
2417	intervista	5898	
2418	pubblicare	5887	
2419	aggiustare	5884	
2420	nucleare	5883	
2421	elezione	5882	
2422	chiarire	5882	
2423	impiegare	5875	
2424	jessica	5872	?
2425	guerriero	5870	
2426	betty	5867	?
2427	biscotto	5863	
2428	julie	5862	?
2429	delicato	5858	
2430	giallo	5857	
2431	giovanotto	5843	
2432	leggenda	5838	
2433	mobile	5838	
2434	incolpare	5834	
2435	popolare	5830	
2436	corrispondere	5827	
2437	femminile	5826	
2438	sacrificio	5826	
2439	sforzare	5822	
2440	tragedia	5815	
2441	legno	5814	
2442	doc	5813	?
2443	abito	5807	
2444	patata	5807	
2445	sputare	5807	
2446	lindo	5805	
2447	busta	5805	
2448	mac	5802	?
2449	tappeto	5799	
2450	pacco	5792	
2451	marty	5785	?
2452	resistenza	5783	
2453	afferrare	5780	
2454	estremamente	5777	
2455	valido	5774	
2456	alimentare	5772	
2457	fegato	5768	
2458	sepolto	5768	
2459	todd	5760	?
2460	candidare	5753	
2461	tema	5750	
2462	cacciatore	5746	
2463	cole	5744	?
2464	succo	5738	
2465	bambola	5737	
2466	porno	5736	
2467	stop	5734	?
2468	doug	5733	?
2469	includere	5729	
2470	trasmettere	5729	
2471	cifra	5727	
2472	dille	5722	?
2473	collegamento	5716	
2474	complesso	5714	
2475	dispositivo	5710	
2476	potenziale	5702	
2477	vegas	5699	?
2478	harvey	5697	?
2479	colare	5697	
2480	disposizione	5694	
2481	allenamento	5693	
2482	soddisfare	5693	
2483	eva	5691	?
2484	tornera	5687	?
2485	porre	5684	
2486	fresca	5683	
2487	leone	5683	
2488	caricare	5675	
2489	maledetta	5674	
2490	vergine	5674	
2491	golf	5670	?
2492	balla	5670	
2493	proseguire	5669	
2494	soffiare	5668	
2495	tono	5667	
2496	sfruttare	5667	
2497	staro	5666	?
2498	spettare	5657	
2499	inizio	5651	
2500	gliene	5650	?
2501	intanto	5646	?
2502	mancato	5643	
2503	telefonico	5643	
2504	cio'	5639	?
2505	svelto	5630	
2506	zombie	5622	?
2507	massa	5619	
2508	generoso	5616	
2509	geniale	5614	
2510	apporre	5614	
2511	mago	5606	
2512	gentiluomo	5603	
2513	produttore	5600	
2514	fresco	5596	
2515	alternativa	5588	
2516	tessere	5582	
2517	interrogatorio	5580	
2518	lassù	5578	?
2519	las	5577	?
2520	imbecille	5575	
2521	tradizione	5574	
2522	armare	5574	
2523	preside	5572	?
2524	eccezionale	5572	
2525	escludere	5565	
2526	passeggero	5564	
2527	risalire	5562	
2528	scivolare	5556	
2529	attraente	5555	
2530	elegante	5550	
2531	catherine	5545	?
2532	cascare	5545	
2533	febbre	5540	
2534	owen	5540	?
2535	patatina	5532	
2536	it	5529	?
2537	tecnico	5528	
2538	mutanda	5527	
2539	vasca	5526	
2540	gordon	5524	?
2541	macchia	5524	
2542	moneta	5522	
2543	offendere	5522	
2544	sally	5520	?
2545	rinforzo	5519	
2546	agitare	5519	
2547	katie	5510	?
2548	elemento	5508	
2549	cina	5507	?
2550	simbolo	5504	
2551	coniglio	5504	
2552	giocattolo	5501	
2553	miller	5498	?
2554	lucas	5497	?
2555	confuso	5495	
2556	salsa	5494	
2557	dozzina	5485	
2558	contea	5482	
2559	terminare	5478	
2560	tipico	5476	
2561	classico	5470	
2562	black	5468	?
2563	commissario	5468	
2564	cucciolo	5467	
2565	vendicare	5466	
2566	merce	5463	
2567	sconosciuto	5460	
2568	nutrire	5458	
2569	sofferenza	5457	
2570	museo	5456	
2571	comandare	5450	
2572	fascicolo	5449	
2573	egoista	5447	
2574	assoluto	5444	
2575	johnson	5443	?
2576	udienza	5442	
2577	jess	5441	?
2578	polso	5441	
2579	parete	5440	
2580	parker	5439	?
2581	cameriera	5435	
2582	sbarazzare	5435	
2583	danza	5430	
2584	alibi	5426	?
2585	u	5421	?
2586	approfittare	5421	
2587	ribelle	5420	
2588	tremare	5419	
2589	shawn	5416	?
2590	moltissimo	5416	?
2591	esplosivo	5416	
2592	abbandonato	5415	
2593	denuncia	5412	
2594	tornero	5411	?
2595	caroline	5406	?
2596	storto	5402	
2597	house	5400	?
2598	tirato	5400	
2599	montare	5397	
2600	el	5395	?
2601	potro	5393	?
2602	commettere	5390	
2603	gabbia	5384	
2604	improvvisamente	5380	
2605	isolare	5377	
2606	sottofondo	5375	
2607	aggiornare	5374	
2608	sudare	5366	
2609	mira	5358	
2610	deposito	5357	
2611	intrappolare	5351	
2612	adolescente	5350	
2613	trauma	5347	
2614	battuta	5342	
2615	confronto	5340	
2616	acquistare	5340	
2617	germania	5339	?
2618	carlos	5337	?
2619	synch	5337	?
2620	somigliare	5337	
2621	connor	5336	?
2622	trascorrere	5336	
2623	abbattere	5336	
2624	potenza	5335	
2625	terrorizzare	5331	
2626	tour	5329	?
2627	preoccupazione	5328	
2628	velocità	5325	?
2629	steven	5321	?
2630	pianificare	5321	
2631	divisione	5320	
2632	ian	5311	?
2633	successivo	5310	
2634	attaccato	5307	
2635	secco	5305	
2636	antonio	5302	?
2637	tassa	5302	
2638	wilson	5301	?
2639	complice	5301	
2640	miele	5298	
2641	spacciare	5294	
2642	texas	5292	?
2643	progettare	5286	
2644	tecnicamente	5283	
2645	justin	5271	?
2646	moderno	5270	
2647	cagare	5270	
2648	folla	5269	
2649	stress	5268	?
2650	segretario	5265	
2651	gia'	5262	?
2652	cognome	5258	
2653	schema	5258	
2654	inquietante	5256	
2655	gus	5255	?
2656	junior	5253	?
2657	polmone	5251	
2658	julian	5250	?
2659	spaziale	5249	
2660	tradimento	5247	
2661	sabbia	5247	
2662	spinto	5247	
2663	barba	5245	
2664	seguito	5243	
2665	destro	5238	
2666	eroina	5237	
2667	temperatura	5236	
2668	scritta	5235	
2669	gang	5229	?
2670	testimonianza	5225	
2671	zoe	5217	?
2672	sintomo	5217	
2673	attivare	5215	
2674	capitolo	5213	
2675	madama	5211	
2676	ideale	5210	
2677	infrangere	5210	
2678	teddy	5208	?
2679	extra	5206	
2680	attrice	5204	
2681	pesca	5199	
2682	annoiare	5197	
2683	anne	5196	?
2684	responsabilita	5182	?
2685	estremo	5180	
2686	divorziare	5179	
2687	bastone	5173	
2688	raccomandare	5173	
2689	passaporto	5172	
2690	zuppa	5166	
2691	anonimo	5163	
2692	corona	5162	
2693	roy	5159	?
2694	internazionale	5158	
2695	guanto	5158	
2696	chirurgo	5157	
2697	chef	5152	?
2698	squalo	5152	
2699	obiezione	5145	
2700	nina	5141	?
2701	finn	5139	?
2702	affetto	5139	
2703	realmente	5138	
2704	confessione	5138	
2705	by	5137	?
2706	tendere	5123	
2707	ron	5122	?
2708	collina	5113	
2709	messicano	5112	
2710	sfidare	5111	
2711	benedire	5108	
2712	africo	5101	
2713	origine	5101	
2714	sorvegliare	5101	
2715	sostanza	5098	
2716	buca	5096	
2717	tramite	5086	?
2718	espressione	5083	
2719	gibbs	5081	?
2720	primavera	5081	
2721	sophie	5078	?
2722	avvelenare	5074	
2723	boston	5072	?
2724	truppa	5072	
2725	cartella	5070	
2726	franco	5069	
2727	equipaggio	5068	
2728	codardo	5068	
2729	cultura	5067	
2730	matematica	5066	
2731	regista	5065	
2732	estero	5063	
2733	dylan	5057	?
2734	deludere	5056	
2735	seno	5048	
2736	figa	5046	?
2737	dimensione	5046	
2738	verme	5044	
2739	nancy	5043	?
2740	kenny	5041	?
2741	battito	5041	
2742	sconoscere	5040	
2743	interpretare	5037	
2744	dennis	5031	?
2745	argento	5028	
2746	liam	5028	?
2747	strategia	5027	
2748	randy	5026	?
2749	maesta	5025	?
2750	pagano	5024	
2751	degno	5022	
2752	fiato	5012	
2753	miseria	5006	
2754	insetto	5006	
2755	romanzo	5005	
2756	dacci	5001	?
2757	monte	4998	
2758	esistenza	4995	
2759	pancia	4990	
2760	set	4989	?
2761	manager	4986	
2762	novità	4983	?
2763	davis	4981	?
2764	croce	4977	
2765	chissa	4973	?
2766	rapido	4970	
2767	grant	4969	?
2768	dose	4965	
2769	marshall	4964	?
2770	parcheggiare	4964	
2771	brav'	4962	?
2772	virginia	4961	?
2773	sesto	4960	
2774	conclusione	4960	
2775	trovero	4952	?
2776	superficie	4952	
2777	protocollo	4949	
2778	concordare	4946	
2779	rovina	4941	
2780	mmm	4940	?
2781	servira	4939	?
2782	trattamento	4935	
2783	diglielo	4934	?
2784	destinare	4930	
2785	marine	4929	
2786	cameriere	4927	
2787	intimo	4924	
2788	cristiano	4921	
2789	ripensare	4920	
2790	modulo	4918	
2791	frenare	4916	
2792	orgoglio	4915	
2793	sacrificare	4911	
2794	volontà	4908	?
2795	cardiaco	4900	
2796	lesbica	4888	
2797	licenziato	4887	
2798	brown	4886	?
2799	liscio	4882	
2800	isolato	4877	
2801	pulizia	4876	
2802	opporre	4874	
2803	affermare	4873	
2804	party	4865	
2805	quindici	4863	
2806	esercizio	4860	
2807	spencer	4856	?
2808	aula	4856	
2809	sapore	4854	
2810	individuare	4852	
2811	sfigato	4849	
2812	assassinare	4846	
2813	candela	4845	
2814	stupro	4844	
2815	carol	4840	?
2816	autorità	4837	?
2817	tosto	4834	
2818	corrotto	4833	
2819	dopotutto	4830	?
2820	targa	4830	
2821	email	4827	?
2822	sinistro	4827	
2823	rapimento	4827	
2824	miami	4822	?
2825	caramella	4816	
2826	infanzia	4814	
2827	jacob	4814	?
2828	pallottola	4813	
2829	produzione	4809	
2830	schermo	4807	
2831	temporale	4807	
2832	umiliare	4805	
2833	selvaggio	4800	
2834	attacco	4794	
2835	sparato	4790	
2836	cellula	4790	
2837	patetico	4786	
2838	margaret	4780	?
2839	wayne	4777	?
2840	possesso	4775	
2841	drago	4771	
2842	jules	4766	?
2843	italia	4764	?
2844	vena	4756	
2845	psicopatico	4755	
2846	cogliere	4754	
2847	evan	4753	?
2848	sodo	4752	
2849	frutta	4749	
2850	bla	4740	?
2851	consulente	4737	
2852	fatica	4734	
2853	motel	4733	?
2854	eli	4732	?
2855	sin	4729	?
2856	volentieri	4729	?
2857	domandare	4729	
2858	hollywood	4728	?
2859	felicità	4725	?
2860	spacciatore	4725	
2861	album	4724	?
2862	cappotto	4724	
2863	diffondere	4723	
2864	nozze	4721	?
2865	novita	4717	?
2866	vicolo	4716	
2867	attuale	4713	
2868	scadere	4711	
2869	ridurre	4710	
2870	toby	4709	?
2871	unghia	4705	
2872	cabina	4702	
2873	voluto	4702	
2874	incredibilmente	4697	
2875	frutto	4697	
2876	spina	4694	
2877	condanna	4690	
2878	telefilm	4689	?
2879	miniera	4687	
2880	grigio	4686	
2881	identita	4683	?
2882	barbara	4683	
2883	vitale	4682	
2884	tagliato	4675	
2885	impero	4670	
2886	insultare	4670	
2887	arrivera	4668	?
2888	riley	4667	?
2889	reverendo	4665	
2890	dettagliare	4663	
2891	martha	4660	?
2892	sparatoria	4660	
2893	fotografare	4660	
2894	branco	4658	
2895	na	4654	?
2896	villa	4654	
2897	puzzare	4653	
2898	ipoteso	4652	
2899	riprovare	4646	
2900	bibbia	4645	?
2901	conta	4641	
2902	bici	4640	?
2903	rilevare	4640	
2904	divenire	4638	
2905	organo	4634	
2906	cuscino	4630	
2907	russia	4629	?
2908	stipendio	4626	
2909	evidente	4624	
2910	burro	4623	
2911	venerdì	4623	?
2912	segnare	4622	
2913	top	4620	?
2914	fallimento	4617	
2915	disagio	4611	
2916	spiacente	4611	
2917	bonnie	4607	?
2918	whoa	4605	?
2919	love	4605	?
2920	crema	4604	
2921	velocita	4600	?
2922	addirittura	4598	?
2923	doloroso	4596	
2924	marie	4594	?
2925	stivale	4594	
2926	ragionevole	4592	
2927	investigatore	4592	
2928	calore	4589	
2929	stabile	4586	
2930	tormentare	4583	
2931	notevole	4582	
2932	walker	4579	?
2933	bionda	4578	
2934	mucca	4578	
2935	infarto	4574	
2936	infelice	4573	
2937	entusiasta	4573	
2938	carattere	4571	
2939	licenza	4568	
2940	booth	4565	?
2941	tumore	4561	
2942	travis	4559	?
2943	pazzia	4558	
2944	possibilita'	4550	?
2945	pirata	4549	
2946	successa	4544	?
2947	lauren	4539	?
2948	holly	4536	?
2949	volontario	4535	
2950	brad	4533	?
2951	jenna	4531	?
2952	india	4528	
2953	quinto	4526	
2954	plastica	4525	
2955	regolare	4525	
2956	torturare	4523	
2957	edward	4521	?
2958	istituto	4520	
2959	giappone	4519	?
2960	salva	4518	
2961	conquistare	4517	
2962	ellen	4514	?
2963	compagna	4512	
2964	florido	4502	
2965	addestrare	4502	
2966	mister	4501	?
2967	acceso	4501	
2968	ministero	4498	
2969	ken	4497	?
2970	coma	4497	
2971	pastore	4492	
2972	atmosfera	4491	
2973	volante	4488	
2974	prevedere	4485	
2975	chance	4484	
2976	dritta	4483	
2977	stupire	4481	
2978	hill	4480	?
2979	estraneo	4474	
2980	distrarre	4472	
2981	sensibile	4469	
2982	cravatta	4468	
2983	concesso	4464	
2984	missile	4463	
2985	patente	4462	
2986	andatevene	4461	?
2987	notturno	4461	
2988	spiare	4460	
2989	quinn	4458	?
2990	respingere	4457	
2991	spassare	4456	
2992	derubare	4455	
2993	rivolere	4451	
2994	favoloso	4450	
2995	onorare	4449	
2996	invisibile	4447	
2997	sete	4446	
2998	pagamento	4446	
2999	liz	4444	?
3000	comitato	4442	
3001	collezione	4442	
3002	anniversario	4436	
3003	intervenire	4436	
3004	dell	4434	?
3005	infermiere	4432	
3006	trasmissione	4430	
3007	pressare	4429	
3008	lou	4427	?
3009	detestare	4427	
3010	audrey	4426	?
3011	pacchetto	4424	
3012	flotta	4422	
3013	cerebrale	4421	
3014	rapito	4419	
3015	ahi	4416	?
3016	atteggiamento	4415	
3017	lewis	4407	?
3018	rinchiudere	4404	
3019	ritmo	4403	
3020	nervo	4403	
3021	ossigeno	4402	
3022	sedile	4400	
3023	francis	4396	?
3024	leslie	4394	?
3025	asta	4391	
3026	considerazione	4386	
3027	videocamera	4385	
3028	russell	4382	?
3029	x	4379	?
3030	applauso	4379	
3031	insalata	4376	
3032	scudo	4375	
3033	banco	4373	
3034	dl	4372	?
3035	solare	4371	
3036	aaron	4370	?
3037	tiro	4369	
3038	ann	4368	?
3039	vent'	4367	?
3040	shock	4367	?
3041	tuta	4367	
3042	lunedi	4366	?
3043	specifico	4365	
3044	subspedia	4364	?
3045	miles	4360	?
3046	bandiera	4359	
3047	cassaforte	4358	
3048	identità	4357	?
3049	consigliere	4354	
3050	biologico	4354	
3051	go	4353	?
3052	segretaria	4347	
3053	jennifer	4346	?
3054	gliela	4344	?
3055	pietà	4341	?
3056	tempio	4335	?
3057	attrarre	4335	
3058	trenta	4333	
3059	informatore	4333	
3060	spuntare	4328	
3061	francisco	4326	?
3062	massacrare	4325	
3063	percepire	4323	
3064	emorragia	4320	
3065	gradire	4319	
3066	whisky	4318	?
3067	qualità	4316	?
3068	distintivo	4316	
3069	succhiare	4311	
3070	carrie	4309	?
3071	vedova	4309	
3072	coordinare	4309	
3073	qual'	4308	?
3074	white	4308	?
3075	capacità	4307	?
3076	ricompensa	4306	
3077	ricetta	4298	
3078	botte	4297	
3079	infezione	4297	
3080	scuro	4297	
3081	accento	4295	
3082	attrezzatura	4293	
3083	religione	4292	
3084	operatorio	4291	
3085	trasferimento	4289	
3086	posteriore	4289	
3087	estrarre	4283	
3088	ridare	4283	
3089	standard	4282	
3090	tensione	4275	
3091	cortesia	4272	
3092	scoperta	4271	
3093	contadino	4268	
3094	liquido	4265	
3095	harris	4263	?
3096	leonard	4263	?
3097	diversamente	4260	
3098	confusione	4259	
3099	imputato	4258	
3100	arrestato	4258	
3101	sigillare	4258	
3102	april	4256	?
3103	linguaggio	4249	
3104	limitare	4249	
3105	cicatrice	4245	
3106	mason	4243	?
3107	ossessionare	4242	
3108	riga	4239	
3109	ragionare	4239	
3110	earl	4238	?
3111	sportivo	4236	
3112	j	4231	?
3113	settembre	4230	
3114	sostegno	4229	
3115	neanch'	4228	?
3116	impatto	4228	
3117	cugina	4228	
3118	autopsia	4228	
3119	dara	4226	?
3120	disperato	4226	
3121	valutare	4224	
3122	clay	4214	?
3123	cotta	4211	
3124	vacci	4209	?
3125	lama	4206	
3126	natalie	4205	?
3127	matthew	4202	?
3128	difficoltà	4200	?
3129	unione	4200	
3130	profondamente	4198	
3131	corre	4197	
3132	operativo	4196	
3133	funzionera	4195	?
3134	cimitero	4195	
3135	staff	4194	?
3136	caos	4192	?
3137	pronunciare	4192	
3138	stephen	4184	?
3139	evviva	4182	?
3140	silenzioso	4178	
3141	finchè	4177	?
3142	rene	4172	
3143	nuda	4171	
3144	impianto	4171	
3145	movente	4165	
3146	fondamentale	4165	
3147	abituato	4158	
3148	industria	4154	
3149	sopravvissuto	4151	
3150	greco	4150	
3151	sparisci	4147	?
3152	goccia	4147	
3153	janet	4141	?
3154	coperto	4141	
3155	seme	4140	
3156	sparita	4136	?
3157	religioso	4132	
3158	dana	4131	?
3159	finche'	4131	?
3160	chitarra	4126	
3161	medaglia	4125	
3162	parare	4125	
3163	leccare	4121	
3164	violazione	4120	
3165	pattuglia	4118	
3166	cantina	4117	
3167	imbrogliare	4116	
3168	frigo	4113	?
3169	grae'	4110	?
3170	megan	4107	?
3171	logan	4106	?
3172	schiacciare	4103	
3173	collana	4102	
3174	young	4101	?
3175	connessione	4100	
3176	rottura	4098	
3177	boom	4097	?
3178	segreteria	4096	
3179	coca	4095	?
3180	ambasciatore	4088	
3181	elementare	4086	
3182	continuamente	4084	
3183	cenere	4082	
3184	capitale	4076	
3185	metallo	4071	
3186	allison	4070	?
3187	eccome	4068	?
3188	massaggio	4068	
3189	ricattare	4064	
3190	tigre	4063	
3191	bacio	4062	
3192	alicia	4060	?
3193	cauzione	4060	
3194	indipendente	4058	
3195	finanziario	4058	
3196	sms	4057	?
3197	armadietto	4057	
3198	avviare	4055	
3199	insolito	4053	
3200	albert	4052	?
3201	ellie	4051	?
3202	addestramento	4051	
3203	walt	4051	?
3204	determinare	4051	
3205	acido	4049	
3206	ago	4049	
3207	turbare	4049	
3208	congelare	4048	
3209	investimento	4045	
3210	tata	4042	
3211	dammelo	4039	?
3212	verro	4037	?
3213	ingegnere	4037	
3214	mestiere	4035	
3215	soffocare	4031	
3216	attentamente	4029	
3217	radunare	4029	
3218	colui	4025	?
3219	rivoluzione	4023	
3220	intenso	4018	
3221	boss	4017	?
3222	osservazione	4017	
3223	sciogliere	4017	
3224	telefonata	4016	
3225	hanna	4016	?
3226	imperatore	4016	
3227	provato	4016	
3228	invecchiare	4011	
3229	e'o	4010	?
3230	digitale	4010	
3231	sconvolgere	4008	
3232	nuvola	4007	
3233	halloween	4006	?
3234	piazza	4006	
3235	immaginazione	4003	
3236	promozione	4003	
3237	suono	4002	
3238	bara	4002	
3239	stretta	4001	
3240	norma	4001	
3241	sordo	4000	
3242	legittimo	3999	
3243	cortile	3992	
3244	bruciato	3991	
3245	wendy	3989	?
3246	ansia	3985	
3247	riservato	3983	
3248	joseph	3981	?
3249	autorita	3980	?
3250	rifiuto	3978	
3251	serial	3978	?
3252	impiegato	3977	
3253	assistenza	3976	
3254	irlandese	3970	
3255	affondare	3967	
3256	scontro	3966	
3257	spagna	3964	?
3258	associazione	3961	
3259	foglia	3959	
3260	little	3957	?
3261	keith	3953	?
3262	avversario	3953	
3263	cocaina	3950	
3264	considerato	3948	
3265	chiamero	3946	?
3266	lois	3941	?
3267	normalmente	3940	
3268	capacitare	3937	
3269	felix	3936	?
3270	registro	3934	
3271	manuale	3931	
3272	cerchio	3924	
3273	udire	3922	
3274	ubriacare	3921	
3275	annunciare	3918	
3276	altrove	3916	?
3277	disperare	3915	
3278	finira	3914	?
3279	somma	3912	
3280	altrettanto	3911	
3281	figurare	3911	
3282	campeggio	3910	
3283	materia	3909	
3284	teso	3909	
3285	michelle	3907	?
3286	euro	3907	
3287	autorizzazione	3907	
3288	victoria	3906	?
3289	generare	3906	
3290	lassu	3902	?
3291	costo	3902	
3292	hitler	3901	?
3293	tina	3901	?
3294	negoziare	3898	
3295	certezza	3895	
3296	sereno	3891	
3297	stadio	3891	
3298	pretendere	3890	
3299	peggior	3889	?
3300	freccia	3886	
3301	ritardare	3884	
3302	vaso	3883	
3303	qualcuna	3881	?
3304	maya	3881	?
3305	sebbene	3879	?
3306	cowboy	3876	?
3307	ripagare	3871	
3308	williams	3866	?
3309	menzogna	3866	
3310	lavoratore	3862	
3311	joan	3861	?
3312	pipare	3860	
3313	jonathan	3859	?
3314	educazione	3858	
3315	vodka	3854	
3316	campana	3854	
3317	frequenza	3853	
3318	uhm	3852	?
3319	grilletto	3851	
3320	chiacchierata	3851	
3321	canna	3851	
3322	eccoli	3850	?
3323	profitto	3850	
3324	eccetto	3849	?
3325	timido	3848	
3326	portero	3846	?
3327	toro	3846	
3328	debolezza	3845	
3329	elliot	3843	?
3330	bagnare	3842	
3331	uccidera	3839	?
3332	fratellino	3834	
3333	erica	3833	?
3334	presentazione	3828	
3335	ashley	3826	?
3336	asciugamano	3826	
3337	versare	3826	
3338	one	3825	?
3339	gemella	3825	
3340	celebrare	3825	
3341	shane	3821	?
3342	rissa	3821	
3343	compromesso	3820	
3344	neil	3819	?
3345	foglio	3818	
3346	castle	3817	?
3347	modella	3817	
3348	distruzione	3815	
3349	proibire	3813	
3350	tutt'	3806	?
3351	monica	3803	?
3352	fotografico	3801	
3353	blake	3800	?
3354	impulso	3796	
3355	dick	3795	?
3356	appello	3793	
3357	mazza	3792	
3358	cavalcare	3792	
3359	citta'	3791	?
3360	hamburger	3789	?
3361	piacera	3787	?
3362	qualita	3786	?
3363	green	3784	?
3364	bicicletta	3784	
3365	siccome	3781	?
3366	iscrew	3781	?
3367	comunità	3780	?
3368	stupenda	3775	
3369	apertura	3775	
3370	mitchell	3774	?
3371	danneggiare	3774	
3372	beneficenza	3773	
3373	autore	3773	
3374	cannone	3773	
3375	promesso	3771	
3376	conflitto	3769	
3377	warren	3765	?
3378	galleria	3764	
3379	tara	3763	
3380	sega	3760	
3381	modificare	3760	
3382	citare	3759	
3383	piare	3758	
3384	tortura	3756	
3385	mezzogiorno	3752	
3386	alison	3752	?
3387	storico	3750	
3388	privo	3750	
3389	appendere	3747	
3390	cattolico	3746	
3391	tramonto	3742	
3392	incasinare	3740	
3393	neal	3738	?
3394	yeah	3738	?
3395	congresso	3738	
3396	consapevole	3738	
3397	accorto	3738	
3398	sirena	3738	
3399	strisciare	3737	
3400	fango	3734	
3401	satellite	3734	
3402	murphy	3732	?
3403	harold	3732	?
3404	preda	3730	
3405	bo	3728	?
3406	vanessa	3725	?
3407	pubblicita	3721	?
3408	pervertito	3721	
3409	cacca	3720	
3410	impiccare	3719	
3411	gabriel	3718	?
3412	richiesta	3715	
3413	mickey	3714	?
3414	particolarmente	3714	
3415	allenatore	3712	
3416	ulteriore	3712	
3417	lettura	3711	
3418	cavo	3710	
3419	gemello	3709	
3420	sciare	3709	
3421	comunita	3708	?
3422	trono	3708	
3423	variare	3707	
3424	privacy	3706	?
3425	nazista	3705	
3426	asilo	3702	
3427	figata	3701	?
3428	abilitare	3698	
3429	assegnare	3698	
3430	distinguere	3697	
3431	taglio	3696	
3432	lincoln	3695	?
3433	sconvolto	3694	
3434	esecuzione	3693	
3435	consigliare	3690	
3436	wade	3689	?
3437	jill	3687	?
3438	undici	3682	
3439	tipa	3679	
3440	mammina	3678	
3441	portale	3678	
3442	avvertimento	3676	
3443	scatenare	3675	
3444	adrian	3674	?
3445	localizzare	3674	
3446	microfono	3673	
3447	monaco	3672	
3448	ferito	3669	
3449	sede	3667	
3450	ficcare	3667	
3451	forno	3665	
3452	favola	3664	
3453	pugnalare	3663	
3454	cassetto	3661	
3455	vacca	3657	
3456	chip	3656	?
3457	malcolm	3655	?
3458	pasta	3655	
3459	risvegliare	3654	
3460	pubblicità	3651	?
3461	eccellenza	3650	
3462	rappresentante	3650	
3463	faccia	3647	
3464	tracy	3644	?
3465	record	3644	?
3466	lusso	3643	
3467	esporre	3642	
3468	jean	3641	?
3469	sfortuna	3640	
3470	ammesso	3636	
3471	portatile	3635	
3472	quota	3633	
3473	calare	3633	
3474	eccezione	3632	
3475	damon	3627	?
3476	anthony	3624	?
3477	ehila	3624	?
3478	mirare	3623	
3479	gonna	3622	
3480	affittare	3622	
3481	appetito	3619	
3482	parlero	3614	?
3483	impegno	3613	
3484	prospettiva	3613	
3485	cristallo	3610	
3486	accelerare	3608	
3487	ford	3606	?
3488	economia	3604	
3489	accedere	3603	
3490	depresso	3603	
3491	cronaca	3601	
3492	riservare	3601	
3493	ammalare	3601	
3494	moro	3600	
3495	ronnie	3594	?
3496	is	3592	?
3497	ammiraglio	3592	
3498	rischioso	3591	
3499	acciaio	3590	
3500	romano	3589	
3501	amministrazione	3586	
3502	pompiere	3586	
3503	bistecca	3585	
3504	nano	3581	
3505	piantare	3581	
3506	suolo	3577	
3507	nora	3577	?
3508	critica	3575	
3509	shh	3573	?
3510	morira	3570	?
3511	bentornato	3569	?
3512	diego	3569	?
3513	scandalo	3569	
3514	sentiero	3569	
3515	statua	3569	
3516	archiviare	3569	
3517	morso	3568	
3518	barney	3567	?
3519	penale	3565	
3520	assenza	3564	
3521	immediato	3564	
3522	volonta	3558	?
3523	principio	3557	
3524	biasimare	3557	
3525	aiutera	3556	?
3526	your	3554	?
3527	pecora	3554	
3528	scommessa	3553	
3529	dale	3553	?
3530	bus	3553	?
3531	gravidanza	3553	
3532	luglio	3550	
3533	amber	3548	?
3534	piegare	3548	
3535	manetta	3544	
3536	ape	3544	
3537	subsfactory	3543	?
3538	pozzo	3542	
3539	pescare	3542	
3540	out	3535	?
3541	duramente	3534	
3542	sobrio	3534	
3543	scritto	3533	
3544	noah	3532	?
3545	kit	3532	?
3546	ciclo	3532	
3547	aggressivo	3531	
3548	vagare	3531	
3549	immobiliare	3529	
3550	sammy	3528	?
3551	heather	3526	?
3552	stupidaggine	3524	
3553	magnifica	3522	
3554	custode	3522	
3555	lira	3519	
3556	pollice	3519	
3557	nelson	3518	?
3558	esercitare	3518	
3559	isolamento	3517	
3560	lunedì	3516	?
3561	radiazione	3516	
3562	infastidire	3516	
3563	marinaio	3514	
3564	hmm	3513	?
3565	programmare	3513	
3566	zampa	3513	
3567	fraintendere	3512	
3568	sollievo	3509	
3569	eun	3508	?
3570	ereditare	3506	
3571	mo	3505	?
3572	facebook	3499	?
3573	paige	3499	?
3574	differente	3494	
3575	multa	3492	
3576	fidanzamento	3491	
3577	vietare	3489	
3578	iniziale	3489	
3579	implorare	3488	
3580	raymond	3479	?
3581	cameron	3479	?
3582	bottone	3474	
3583	cam	3472	?
3584	li'	3472	?
3585	frattura	3471	
3586	rita	3470	?
3587	scacco	3467	
3588	circolo	3465	
3589	bang	3462	?
3590	temporaneo	3460	
3591	pam	3458	?
3592	descrizione	3456	
3593	maturo	3454	
3594	cantante	3452	
3595	jersey	3445	?
3596	norman	3439	?
3597	rosie	3439	?
3598	accadra	3438	?
3599	hong	3438	?
3600	concetto	3438	
3601	craig	3435	?
3602	banana	3435	
3603	scioccare	3435	
3604	portera	3432	?
3605	esso	3432	?
3606	salvatore	3430	
3607	leon	3428	?
3608	babysitter	3428	?
3609	impressionante	3428	
3610	laurea	3428	
3611	mitch	3426	?
3612	bruno	3426	
3613	dog	3423	?
3614	pranzare	3420	
3615	partita	3416	
3616	sedare	3413	
3617	pallido	3412	
3618	giustificare	3411	
3619	truffa	3408	
3620	cesso	3405	
3621	alcolico	3404	
3622	educare	3401	
3623	consumare	3401	
3624	drew	3399	?
3625	sí	3399	?
3626	ambasciata	3399	
3627	volume	3397	
3628	time	3396	?
3629	comunista	3396	
3630	ridicola	3393	
3631	essa	3392	?
3632	terrore	3391	
3633	hunter	3390	?
3634	barista	3390	
3635	girl	3389	?
3636	creativo	3389	
3637	diana	3387	?
3638	guardiano	3387	
3639	attrezzo	3385	
3640	zaino	3385	
3641	stefan	3381	?
3642	campanello	3381	
3643	calzino	3381	
3644	philip	3378	?
3645	password	3377	?
3646	ciambella	3377	
3647	martedi	3376	?
3648	pompa	3376	
3649	dannatamente	3375	
3650	terribilmente	3375	
3651	berlino	3374	?
3652	maglia	3374	
3653	musicale	3373	
3654	ostacolare	3373	
3655	essi	3371	?
3656	daisy	3370	?
3657	bucare	3369	
3658	boy	3366	?
3659	hall	3366	?
3660	parente	3364	
3661	tacchino	3364	
3662	solido	3364	
3663	supplicare	3363	
3664	vagina	3360	
3665	hot	3359	?
3666	giuramento	3359	
3667	popolazione	3359	
3668	trevor	3358	?
3669	for	3357	?
3670	klaus	3356	?
3671	basket	3351	?
3672	tristezza	3351	
3673	brivido	3351	
3674	valutazione	3346	
3675	debbie	3343	?
3676	lenzuolo	3343	
3677	curva	3343	
3678	chiappa	3342	
3679	umanità	3340	?
3680	martello	3340	
3681	scolastico	3338	
3682	hector	3337	?
3683	svelta	3335	
3684	circuito	3335	
3685	solitario	3334	
3686	christopher	3331	?
3687	maggio	3331	
3688	bimba	3331	
3689	road	3330	?
3690	mario	3329	?
3691	fascino	3328	
3692	blue	3328	?
3693	abusare	3327	
3694	francamente	3324	
3695	fagiolo	3324	
3696	vulnerabile	3324	
3697	accademia	3323	
3698	spedizione	3322	
3699	infine	3320	?
3700	manipolare	3319	
3701	studentessa	3317	
3702	asso	3315	
3703	supermercato	3314	
3704	ragno	3314	
3705	copione	3313	
3706	ingaggiare	3308	
3707	cazzone	3307	?
3708	ruth	3307	?
3709	incoraggiare	3307	
3710	sfogare	3306	
3711	mettero	3305	?
3712	orrendo	3305	
3713	talpa	3304	
3714	database	3303	?
3715	nicole	3299	?
3716	coro	3298	
3717	iniezione	3298	
3718	ratto	3297	
3719	karl	3296	?
3720	clara	3295	?
3721	venditore	3294	
3722	illusione	3293	
3723	ella	3291	?
3724	medio	3286	
3725	lampada	3284	
3726	maniaco	3279	
3727	kurt	3272	?
3728	letale	3272	
3729	veste	3272	
3730	aprile	3271	
3731	irruzione	3270	
3732	mel	3270	?
3733	mancia	3269	
3734	supremo	3265	
3735	bravissimo	3264	?
3736	vario	3264	
3737	island	3263	?
3738	testamento	3262	
3739	radice	3259	
3740	flash	3258	?
3741	maleducato	3257	
3742	calcolare	3255	
3743	manhattan	3251	?
3744	perdente	3240	
3745	obbedire	3235	
3746	melissa	3234	?
3747	sensore	3234	
3748	lydia	3232	?
3749	shaw	3231	?
3750	intelligenza	3230	
3751	mandato	3228	
3752	giovedi	3228	?
3753	east	3227	?
3754	dwight	3227	?
3755	centimetro	3226	
3756	munizione	3226	
3757	meredith	3225	?
3758	marte	3222	?
3759	laser	3220	?
3760	mina	3220	
3761	noia	3218	
3762	defunto	3216	
3763	ndt	3214	?
3764	elettronico	3213	
3765	ingenuo	3211	
3766	vedro	3210	?
3767	rotella	3210	
3768	ragae'	3209	?
3769	solita	3209	
3770	benedizione	3209	
3771	costruzione	3206	
3772	cranio	3205	
3773	tossico	3205	
3774	sapra	3204	?
3775	gita	3204	?
3776	seth	3203	?
3777	furioso	3202	
3778	katherine	3201	?
3779	bailey	3199	?
3780	passera	3197	?
3781	combinazione	3194	
3782	tenero	3194	
3783	blair	3193	?
3784	preservativo	3193	
3785	corno	3193	
3786	gps	3192	?
3787	certificato	3192	
3788	mafia	3190	
3789	difficolta	3190	?
3790	amichevole	3189	
3791	alleato	3188	
3792	giugno	3187	
3793	christine	3187	?
3794	gemma	3187	
3795	serratura	3187	
3796	malissimo	3185	?
3797	robbie	3185	?
3798	carmen	3184	?
3799	amministratore	3184	
3800	britannico	3184	
3801	tregua	3183	
3802	franklin	3183	?
3803	meccanico	3183	
3804	gallare	3183	
3805	razzista	3182	
3806	colonia	3182	
3807	ottobre	3181	
3808	accostare	3179	
3809	tattica	3178	
3810	bishop	3177	?
3811	inferiore	3175	
3812	cecchino	3171	
3813	pulsante	3165	
3814	arco	3165	
3815	ritratto	3165	
3816	azzurro	3165	
3817	ooh	3164	?
3818	stuprare	3163	
3819	fastidioso	3158	
3820	musicista	3157	
3821	baffo	3156	
3822	andre	3155	?
3823	vic	3155	?
3824	forzare	3155	
3825	kong	3154	?
3826	brooke	3154	?
3827	stuart	3153	?
3828	leale	3153	
3829	gallina	3152	
3830	jung	3151	?
3831	brooklyn	3151	?
3832	angel	3151	?
3833	dieta	3151	
3834	etichetta	3151	
3835	autentico	3151	
3836	circo	3149	
3837	fetta	3148	
3838	miranda	3145	?
3839	chase	3145	?
3840	prudente	3145	
3841	autostrada	3144	
3842	delinquente	3144	
3843	doyle	3143	?
3844	stellare	3142	
3845	beneficio	3142	
3846	accontentare	3142	
3847	azzardo	3140	
3848	latino	3140	
3849	fulmine	3140	
3850	sebastian	3139	?
3851	post	3138	?
3852	cleveland	3137	?
3853	seminterrato	3137	
3854	iraq	3136	?
3855	afghanistan	3136	?
3856	won	3136	?
3857	muscolo	3135	
3858	poker	3135	?
3859	petrolio	3133	
3860	sindacato	3133	
3861	dramma	3133	
3862	sentenza	3132	
3863	valentino	3131	?
3864	uccidero	3129	?
3865	pestare	3129	
3866	fenomeno	3128	
3867	estivo	3126	
3868	monsieur	3125	?
3869	felicitare	3125	
3870	ispirare	3125	
3871	teresa	3124	?
3872	zoo	3124	?
3873	paranoico	3123	
3874	elenco	3121	
3875	turner	3120	?
3876	esitare	3120	
3877	orrore	3118	
3878	informato	3114	
3879	logica	3113	
3880	pat	3112	?
3881	meg	3112	?
3882	decesso	3109	
3883	marciare	3109	
3884	gene	3106	
3885	cinquanta	3106	?
3886	inventato	3106	
3887	ricoprire	3106	
3888	sorellina	3104	
3889	imporre	3104	
3890	gina	3102	?
3891	tragico	3102	
3892	flynn	3101	?
3893	sorprendente	3099	
3894	emettere	3099	
3895	veronica	3097	
3896	day	3097	?
3897	beach	3095	?
3898	brandon	3094	?
3899	riferimento	3090	
3900	sottile	3088	
3901	iscritto	3088	
3902	psichiatra	3085	
3903	detenere	3084	
3904	addetto	3084	
3905	graham	3082	?
3906	violentare	3082	
3907	reid	3078	?
3908	avery	3075	?
3909	copertina	3075	
3910	lutto	3072	
3911	campus	3070	?
3912	notiziario	3069	
3913	ralph	3067	?
3914	pablo	3065	?
3915	allen	3065	?
3916	carrozza	3064	
3917	collare	3064	
3918	cocktail	3062	?
3919	galassia	3058	
3920	settimo	3058	
3921	elefante	3056	
3922	piazzare	3056	
3923	arabo	3054	
3924	manica	3052	
3925	sheldon	3051	?
3926	dovunque	3050	?
3927	tremendo	3050	
3928	minare	3050	
3929	equilibrio	3048	
3930	fungo	3048	
3931	abilità	3046	?
3932	spogliare	3046	
3933	mulder	3045	?
3934	pub	3045	?
3935	rituale	3045	
3936	torneo	3038	
3937	protagonista	3037	
3938	bellissimi	3034	?
3939	dentista	3034	
3940	umorismo	3032	
3941	jen	3030	?
3942	tac	3030	?
3943	sciocca	3029	
3944	concorso	3029	
3945	incluso	3025	
3946	chiusura	3023	
3947	mcgee	3022	?
3948	ni	3019	?
3949	verbale	3019	
3950	funzione	3018	
3951	grayson	3018	?
3952	allucinazione	3014	
3953	collins	3012	?
3954	scotch	3010	?
3955	bagagliaio	3006	
3956	uccellino	3005	
3957	insinuare	3005	
3958	illuminare	3004	
3959	sottovalutare	3002	
3960	evvai	2999	?
3961	addormentato	2999	
3962	alcool	2998	?
3963	maschile	2998	
3964	incapace	2995	
3965	riscontro	2994	
3966	scheda	2994	
3967	eletto	2994	
3968	salotto	2993	
3969	cassie	2992	?
3970	kent	2992	?
3971	senzatetto	2992	?
3972	sandy	2990	?
3973	occorrere	2990	
3974	h	2989	?
3975	compreso	2988	
3976	decollare	2987	
3977	caviglia	2985	
3978	may	2984	?
3979	marrone	2984	
3980	collaborazione	2983	
3981	seattle	2983	?
3982	festival	2982	?
3983	ritrovato	2982	
3984	luminoso	2979	
3985	colonna	2978	
3986	bay	2976	?
3987	sindrome	2976	
3988	ballerina	2974	
3989	scaldare	2974	
3990	brillare	2973	
3991	effettuare	2973	
3992	cin	2970	?
3993	garcia	2970	?
3994	corea	2969	?
3995	sbarra	2969	
3996	v	2968	?
3997	patria	2967	
3998	commedia	2967	
3999	compassione	2966	
4000	nido	2966	
4001	up	2965	?
4002	ivan	2961	?
4003	that	2958	?
4004	omaggio	2958	
4005	alloggiare	2958	
4006	ira	2957	
4007	ramo	2956	
4008	formazione	2954	
4009	garanzia	2954	
4010	cacchio	2950	?
4011	televisivo	2949	
4012	affidabile	2948	
4013	allergico	2948	
4014	pigiama	2947	
4015	costola	2947	
4016	cal	2945	?
4017	liv	2945	?
4018	complimentare	2945	
4019	repubblica	2943	
4020	erede	2943	
4021	ruby	2942	?
4022	kitty	2939	?
4023	valigetta	2938	
4024	ando	2936	?
4025	canada	2935	?
4026	psichiatrico	2935	
4027	consentire	2935	
4028	disordine	2933	
4029	segnalare	2933	
4030	commentare	2931	
4031	harper	2930	?
4032	stanley	2929	?
4033	jin	2927	?
4034	rancore	2922	
4035	squillare	2919	
4036	connie	2917	?
4037	wallace	2914	?
4038	madison	2912	?
4039	giovanni	2912	?
4040	naomi	2912	?
4041	razzo	2912	
4042	quinta	2911	
4043	lindsay	2910	?
4044	torcia	2910	
4045	effettivamente	2909	
4046	manny	2909	?
4047	violet	2909	?
4048	morbido	2909	
4049	carlo	2908	?
4050	arrogante	2908	
4051	deposizione	2905	
4052	rob	2904	?
4053	giungla	2902	
4054	cos	2899	?
4055	diploma	2899	
4056	giochetto	2897	
4057	affamato	2897	
4058	consenso	2894	
4059	sopravvivenza	2892	
4060	tess	2887	?
4061	animo	2887	
4062	calibro	2886	
4063	astronave	2885	
4064	q	2883	?
4065	provino	2883	
4066	disegno	2882	
4067	carla	2879	?
4068	rapinare	2879	
4069	zach	2878	?
4070	adottare	2878	
4071	sasso	2877	
4072	caleb	2876	?
4073	tucker	2876	?
4074	confidare	2875	
4075	padrona	2873	
4076	comporre	2873	
4077	contribuire	2873	
4078	benjamin	2871	?
4079	sperma	2871	
4080	vigliacco	2871	
4081	curtis	2869	?
4082	hope	2868	?
4083	recentemente	2868	
4084	evacuare	2868	
4085	derivare	2866	
4086	noleggiare	2865	
4087	jeans	2864	?
4088	sanitario	2863	
4089	troy	2861	?
4090	tokyo	2860	?
4091	phoebe	2859	?
4092	femminuccia	2857	
4093	turista	2857	
4094	times	2856	?
4095	cesare	2855	?
4096	scoperto	2853	
4097	cubare	2851	
4098	salsiccia	2851	
4099	sforzo	2849	
4100	jet	2848	?
4101	perfezione	2848	
4102	soggiorno	2847	
4103	carburante	2847	
4104	dolcetto	2845	
4105	mrs	2843	?
4106	tempismo	2843	
4107	bollente	2843	
4108	clown	2840	?
4109	statale	2840	
4110	emotivo	2840	
4111	invidiare	2840	
4112	privilegio	2838	
4113	nè	2834	?
4114	joel	2832	?
4115	bingo	2831	?
4116	ricostruire	2831	
4117	distante	2830	
4118	neonato	2830	
4119	esausto	2828	
4120	duca	2826	
4121	sacchetto	2826	
4122	influenzare	2826	
4123	fortunatamente	2825	
4124	costante	2825	
4125	poiché	2824	?
4126	grey	2823	?
4127	leno	2820	
4128	identico	2820	
4129	comparire	2819	
4130	andrea	2817	?
4131	biancheria	2816	
4132	assassina	2814	
4133	occidentale	2813	
4134	rapidamente	2812	
4135	laureato	2810	
4136	spirituale	2809	
4137	r	2808	?
4138	regione	2808	
4139	novembre	2807	
4140	clyde	2807	?
4141	turco	2807	
4142	flusso	2806	
4143	posare	2806	
4144	rigido	2804	
4145	arare	2803	
4146	ra	2802	?
4147	pisello	2802	
4148	audizione	2801	
4149	interferire	2801	
4150	donald	2800	?
4151	mensa	2799	
4152	burke	2798	?
4153	rory	2797	?
4154	riflesso	2797	
4155	sdraiare	2797	
4156	von	2796	?
4157	mail	2796	?
4158	ispirazione	2796	
4159	chirurgia	2796	
4160	cuoco	2796	
4161	compare	2796	
4162	atleta	2795	
4163	ana	2794	?
4164	pierce	2794	?
4165	precipitare	2793	
4166	pallone	2792	
4167	marchio	2791	
4168	chiedero	2790	?
4169	duke	2787	?
4170	shopping	2785	?
4171	litro	2784	
4172	papino	2783	?
4173	continuazione	2782	
4174	juan	2781	?
4175	monroe	2781	?
4176	fossa	2781	
4177	donazione	2781	
4178	fragile	2780	
4179	g	2779	?
4180	evidentemente	2778	
4181	verdura	2777	
4182	scortese	2776	
4183	benny	2775	?
4184	vernice	2775	
4185	affidamento	2772	
4186	bagnato	2772	
4187	perduto	2772	
4188	riconoscimento	2771	
4189	sharon	2770	?
4190	fischiare	2769	
4191	impressionare	2769	
4192	quaggiu	2767	?
4193	svanire	2767	
4194	condoglianza	2765	
4195	night	2762	?
4196	world	2760	?
4197	tacco	2760	
4198	aspettativa	2759	
4199	panno	2758	
4200	cioccolata	2757	
4201	orbita	2757	
4202	tonnellata	2757	
4203	frocio	2756	
4204	ansioso	2756	
4205	dispiaciuto	2755	
4206	roman	2753	?
4207	lavanderia	2753	
4208	convivere	2752	
4209	decina	2752	
4210	angie	2748	?
4211	obitorio	2748	
4212	kang	2747	?
4213	prato	2746	
4214	sire	2744	?
4215	poverino	2744	
4216	terrestre	2741	
4217	perquisire	2741	
4218	prendera	2740	?
4219	fiona	2739	?
4220	kennedy	2738	?
4221	scopo	2738	
4222	finestrino	2738	
4223	vietnam	2737	?
4224	nausea	2737	
4225	reggiseno	2735	
4226	trovera	2734	?
4227	competizione	2734	
4228	duncan	2733	?
4229	routine	2733	?
4230	sequenza	2732	
4231	sorgere	2732	
4232	facci	2729	?
4233	scarica	2729	
4234	donatore	2728	
4235	accusato	2728	
4236	suggerimento	2727	
4237	passeggiare	2727	
4238	bell	2726	?
4239	commercio	2725	
4240	anderson	2723	?
4241	orfano	2723	
4242	lex	2722	?
4243	agosto	2721	
4244	asiatico	2720	
4245	perimetro	2719	
4246	efficace	2719	
4247	prelevare	2719	
4248	menu	2718	?
4249	vigile	2717	
4250	severo	2717	
4251	svuotare	2717	
4252	lloyd	2715	?
4253	europeo	2715	
4254	boyd	2714	?
4255	assassinio	2713	
4256	mick	2711	?
4257	lemon	2711	?
4258	graffio	2711	
4259	oscurità	2710	?
4260	vantare	2710	
4261	psicologico	2709	
4262	stampare	2709	
4263	grassa	2707	
4264	definitivo	2707	
4265	ned	2706	?
4266	brennan	2705	?
4267	vivente	2705	
4268	autunno	2705	
4269	rimpiazzare	2701	
4270	bravissima	2700	?
4271	suora	2700	
4272	avanzato	2700	
4273	palo	2698	
4274	patty	2697	?
4275	denise	2696	?
4276	volgare	2696	
4277	riva	2694	
4278	barriera	2694	
4279	pomodoro	2694	
4280	depressione	2693	
4281	pieta	2693	?
4282	joy	2692	?
4283	ricchezza	2692	
4284	fumetto	2691	
4285	obbligato	2691	
4286	nuovamente	2690	
4287	long	2688	?
4288	sid	2688	?
4289	alleanza	2687	
4290	tennis	2686	?
4291	scalare	2686	
4292	molo	2685	
4293	discusso	2684	
4294	formula	2682	
4295	disgrazia	2681	
4296	terro	2679	?
4297	orlare	2678	
4298	claudia	2677	?
4299	supervisore	2677	
4300	generatore	2677	
4301	stradale	2677	
4302	chiacchierare	2677	
4303	reed	2675	?
4304	eve	2674	?
4305	leggermente	2673	
4306	clan	2671	?
4307	dipendenza	2671	
4308	louise	2670	?
4309	quì	2670	?
4310	avenue	2669	?
4311	trapianto	2668	
4312	salvezza	2666	
4313	pa	2666	?
4314	dominare	2666	
4315	sun	2664	?
4316	improbabile	2664	
4317	tasso	2664	
4318	collaterale	2664	
4319	marzo	2663	
4320	nodo	2663	
4321	ancor	2662	?
4322	giovedì	2662	?
4323	alec	2661	?
4324	lesione	2661	
4325	dvd	2660	?
4326	arancia	2660	
4327	connesso	2658	
4328	ovvero	2657	?
4329	critico	2656	
4330	capra	2655	?
4331	livido	2655	
4332	brick	2654	?
4333	ricavare	2653	
4334	editore	2650	
4335	binario	2650	
4336	invadere	2650	
4337	isaac	2649	?
4338	simpatica	2648	
4339	corruzione	2647	
4340	scout	2647	?
4341	decente	2647	
4342	partorire	2644	
4343	atterraggio	2643	
4344	trofeo	2642	
4345	gabinetto	2641	
4346	tolto	2641	
4347	menzionare	2641	
4348	fisicamente	2640	
4349	alquanto	2640	?
4350	rimorchiare	2636	
4351	winston	2633	?
4352	messe	2633	
4353	becky	2633	?
4354	server	2632	?
4355	dimissione	2632	
4356	pendere	2631	
4357	sotterraneo	2631	
4358	beckett	2630	?
4359	testardo	2628	
4360	orleans	2627	?
4361	applicare	2627	
4362	oliva	2624	
4363	bolla	2624	
4364	poeta	2623	
4365	martedì	2622	?
4366	umile	2622	
4367	botta	2618	
4368	numeroso	2618	
4369	adulta	2617	
4370	professione	2614	
4371	oltrepassare	2614	
4372	alfa	2612	?
4373	visitatore	2611	
4374	piccante	2606	
4375	ciascuno	2605	?
4376	fama	2603	
4377	mito	2600	
4378	aggiornamento	2600	
4379	salvataggio	2599	
4380	comico	2599	
4381	vedra	2598	?
4382	dicembre	2598	
4383	concreto	2598	
4384	anatra	2597	
4385	apparecchio	2596	
4386	round	2595	?
4387	gentilezza	2594	
4388	paraggio	2588	
4389	miguel	2586	?
4390	suite	2583	?
4391	marziale	2583	
4392	riabilitazione	2582	
4393	bones	2581	?
4394	tartaruga	2581	
4395	balena	2581	
4396	insistito	2579	?
4397	guy	2579	?
4398	quantità	2578	?
4399	consultare	2577	
4400	mm	2576	?
4401	griffin	2574	?
4402	cartone	2573	
4403	lizzie	2571	?
4404	amelia	2571	?
4405	don'	2571	?
4406	limone	2571	
4407	arresto	2570	
4408	glenn	2568	?
4409	watson	2567	?
4410	diagnosi	2566	?
4411	sospettato	2566	
4412	scossa	2565	
4413	discreto	2565	
4414	sydney	2564	?
4415	harrison	2562	?
4416	queen	2561	?
4417	perry	2560	?
4418	sanguigno	2560	
4419	spento	2559	
4420	rimpiangere	2558	
4421	schiaffo	2557	
4422	sigaro	2556	
4423	satana	2555	?
4424	nessun'	2554	?
4425	compilare	2554	
4426	rinchiuso	2550	
4427	verdetto	2547	
4428	saggezza	2546	
4429	approvazione	2545	
4430	romeo	2544	
4431	fox	2543	?
4432	disattivare	2543	
4433	web	2539	?
4434	cervo	2538	
4435	bolletta	2536	
4436	diventera	2535	?
4437	metropolitana	2535	
4438	alexander	2531	?
4439	pasticcio	2531	
4440	gil	2527	?
4441	palmer	2527	?
4442	spogliarellista	2527	
4443	quotidiano	2525	
4444	categoria	2523	
4445	postale	2522	
4446	fattore	2522	
4447	toc	2521	?
4448	preliminare	2521	
4449	riattaccare	2521	
4450	dallas	2520	?
4451	barone	2519	
4452	sottomarino	2519	
4453	infermeria	2517	
4454	magnetico	2516	
4455	infetto	2516	
4456	pianoforte	2515	
4457	elaborare	2515	
4458	barnes	2513	?
4459	scrittura	2513	
4460	farfalla	2512	
4461	drammatico	2511	
4462	diplomatico	2511	
4463	force	2510	?
4464	pannolino	2509	
4465	protesta	2508	
4466	delusione	2507	
4467	grano	2506	
4468	permanente	2506	
4469	appropriare	2504	
4470	scomparso	2503	
4471	oscurita	2502	?
4472	antenato	2502	
4473	soprannome	2500	
4474	ricercare	2499	
4475	soddisfatto	2497	
4476	finanziare	2497	
4477	commento	2496	
4478	river	2495	?
4479	chad	2495	?
4480	straccio	2495	
4481	harvard	2494	?
4482	marea	2494	
4483	frontiera	2493	
4484	barattolo	2493	
4485	we	2492	?
4486	ego	2490	?
4487	evadere	2490	
4488	madonna	2489	
4489	andarvene	2489	?
4490	judy	2489	?
4491	moon	2489	?
4492	curriculum	2488	
4493	budget	2488	?
4494	compromettere	2488	
4495	strangolare	2488	
4496	priorita	2487	?
4497	anomalia	2487	
4498	adattare	2487	
4499	nerd	2486	?
4500	allegro	2486	
4501	wells	2485	?
4502	haley	2484	?
4503	dimostrazione	2483	
4504	probabilita	2480	?
4505	rana	2479	
4506	with	2478	?
4507	solitudine	2478	
4508	paolo	2477	?
4509	sofia	2477	?
4510	instabile	2477	
4511	convocare	2477	
4512	cat	2476	?
4513	gentilmente	2476	
4514	elvis	2476	?
4515	nolan	2476	?
4516	contabile	2475	
4517	cava	2473	
4518	allah	2471	?
4519	fazzoletto	2471	
4520	detenuto	2469	
4521	yang	2469	?
4522	omar	2469	?
4523	infantile	2469	
4524	lawrence	2467	?
4525	zack	2467	?
4526	business	2466	?
4527	sentimentale	2466	
4528	assalto	2465	
4529	f	2464	?
4530	quantita	2464	?
4531	volpe	2464	
4532	randall	2463	?
4533	benedetto	2463	
4534	fogna	2463	
4535	campionare	2462	
4536	dawn	2461	?
4537	nicky	2459	?
4538	tradizionale	2458	
4539	artistico	2457	
4540	innanzitutto	2455	?
4541	cindy	2455	?
4542	spiritoso	2455	
4543	professoressa	2454	
4544	immobile	2453	
4545	wes	2452	?
4546	pugnale	2452	
4547	ginnastica	2451	
4548	yogo	2451	
4549	pipì	2450	?
4550	christian	2449	?
4551	eccessivo	2449	
4552	distribuire	2449	
4553	ranger	2448	?
4554	muso	2448	
4555	rospo	2446	
4556	litigio	2446	
4557	grazioso	2444	
4558	conforto	2443	
4559	dama	2443	
4560	vicepresidente	2442	
4561	wyatt	2442	?
4562	soffitto	2442	
4563	vaccino	2441	
4564	caporale	2440	
4565	nell	2440	?
4566	distrettuale	2439	
4567	dibattito	2437	
4568	stufato	2437	
4569	sfera	2437	
4570	michele	2436	?
4571	sgualdrina	2436	?
4572	manifestare	2436	
4573	destinazione	2433	
4574	ninja	2432	?
4575	gwen	2432	?
4576	consolare	2432	
4577	cereale	2431	
4578	inevitabile	2429	
4579	spiacevole	2427	
4580	campbell	2426	?
4581	espresso	2426	
4582	ossessione	2425	
4583	essenziale	2424	
4584	lavoretto	2424	
4585	governare	2423	
4586	gennaio	2422	
4587	giubbotto	2422	
4588	affamare	2421	
4589	cambiera	2420	?
4590	cimice	2420	
4591	maglione	2419	
4592	saint	2418	?
4593	maddie	2418	?
4594	chiodo	2418	
4595	beverly	2417	?
4596	ampio	2417	
4597	sciopero	2415	
4598	squillo	2415	
4599	cd	2414	?
4600	crescita	2414	
4601	jan	2412	?
4602	aquila	2412	
4603	gigantesco	2412	
4604	radar	2411	?
4605	iniziativa	2411	
4606	nebbia	2407	
4607	creazione	2404	
4608	qualcun'	2403	?
4609	bevanda	2403	
4610	assorbire	2403	
4611	entusiasmo	2402	
4612	calza	2402	
4613	classica	2401	
4614	braccialetto	2401	
4615	e'a	2400	?
4616	probabilità	2399	?
4617	subire	2399	
4618	fisher	2398	?
4619	cessare	2398	
4620	holmes	2397	?
4621	woo	2395	?
4622	happy	2394	?
4623	lola	2393	?
4624	ritorno	2393	
4625	liquore	2393	
4626	stevie	2392	?
4627	deb	2391	?
4628	stark	2390	?
4629	elettorale	2389	
4630	nikki	2388	?
4631	avvolgere	2388	
4632	barbecue	2387	?
4633	musulmano	2385	
4634	dorare	2385	
4635	freddy	2383	?
4636	jared	2383	?
4637	rivale	2383	
4638	xena	2382	?
4639	hamilton	2382	?
4640	shelby	2380	?
4641	overdose	2380	
4642	truccare	2380	
4643	proveniente	2379	
4644	rovesciare	2379	
4645	south	2378	?
4646	intatto	2377	
4647	pop	2376	?
4648	ava	2376	?
4649	primario	2376	
4650	gratuito	2376	
4651	artie	2375	?
4652	adozione	2373	
4653	ehilà	2372	?
4654	hammond	2371	?
4655	ferrovia	2371	
4656	esaurire	2370	
4657	furia	2369	
4658	universitario	2369	
4659	provero	2368	?
4660	scully	2368	?
4661	hawaii	2366	?
4662	thompson	2366	?
4663	confraternita	2366	
4664	sole	2363	
4665	preavviso	2363	
4666	palude	2363	
4667	immenso	2362	
4668	sceneggiatura	2360	
4669	frode	2359	
4670	pacifico	2359	
4671	ingoiare	2359	
4672	laurel	2358	?
4673	punteggio	2358	
4674	bibita	2357	
4675	douglas	2356	?
4676	cody	2354	?
4677	ingiusto	2354	
4678	peste	2354	
4679	sosta	2353	
4680	richie	2352	?
4681	competere	2352	
4682	riscaldare	2351	
4683	jeffrey	2350	?
4684	freddie	2349	?
4685	decennio	2349	
4686	funebre	2349	
4687	carson	2348	?
4688	austin	2348	?
4689	salone	2348	
4690	accennare	2348	
4691	parassita	2348	
4692	samantha	2347	?
4693	mikey	2347	?
4694	biscottare	2346	
4695	willie	2346	?
4696	brody	2344	?
4697	nascondiglio	2344	
4698	lite	2344	
4699	mora	2342	
4700	spettacolare	2341	
4701	limitato	2341	
4702	poltrona	2340	
4703	australia	2339	?
4704	incassare	2338	
4705	stranamente	2335	
4706	zucca	2335	
4707	bowling	2334	?
4708	casuale	2334	
4709	contenitore	2330	
4710	veterano	2329	
4711	mercoledi	2326	?
4712	barare	2324	
4713	dominio	2323	
4714	ricoverare	2322	
4715	hobby	2321	
4716	calcolo	2320	
4717	edizione	2320	
4718	automatico	2319	
4719	ranch	2318	?
4720	carbone	2318	
4721	jazz	2316	?
4722	peggy	2315	?
4723	lotteria	2315	
4724	onorevole	2315	
4725	necessitare	2315	
4726	scarso	2315	
4727	callie	2313	?
4728	giungere	2313	
4729	rimorso	2312	
4730	kira	2311	?
4731	arteria	2311	
4732	ncis	2310	?
4733	epidemia	2310	
4734	piccoletto	2309	
4735	attentare	2308	
4736	approccio	2308	
4737	stima	2308	
4738	hockey	2307	?
4739	guancia	2307	
4740	rapitore	2307	
4741	umanita	2306	?
4742	bancone	2306	
4743	incidere	2306	
4744	look	2305	?
4745	grand	2304	?
4746	tae	2304	?
4747	pro	2302	?
4748	innocenza	2301	
4749	capsula	2300	
4750	quaggiù	2297	?
4751	marta	2296	?
4752	archer	2295	?
4753	innervosire	2294	
4754	comoda	2293	
4755	terremoto	2291	
4756	paparino	2290	?
4757	coinquilino	2290	
4758	amaro	2289	
4759	coscia	2289	
4760	lester	2288	?
4761	abigail	2288	?
4762	portiere	2287	
4763	circolare	2286	
4764	adams	2285	?
4765	rivisto	2285	
4766	concorrente	2285	
4767	condannato	2285	
4768	baker	2284	?
4769	medicinale	2284	
4770	paramedico	2284	
4771	iris	2283	?
4772	jae	2282	?
4773	italian	2282	?
4774	dammela	2282	?
4775	senato	2280	
4776	schmidt	2280	?
4777	permettero	2278	?
4778	polo	2278	
4779	tollerare	2278	
4780	ditta	2276	
4781	collassare	2276	
4782	mattinata	2275	
4783	cittadina	2274	
4784	riscatto	2274	
4785	hard	2272	?
4786	immortale	2272	
4787	barzelletta	2272	
4788	fritto	2272	
4789	cha	2271	?
4790	sasha	2271	?
4791	trasformato	2271	
4792	espulso	2270	
4793	foster	2269	?
4794	porter	2268	?
4795	paula	2266	?
4796	hal	2265	?
4797	marijuana	2265	
4798	manicomio	2264	
4799	apparentemente	2259	
4800	delegato	2258	
4801	annegare	2258	
4802	eccetera	2256	?
4803	ciccione	2256	
4804	schifezza	2256	
4805	kay	2255	?
4806	ambizione	2255	
4807	sandra	2252	?
4808	cucire	2252	
4809	demonio	2251	
4810	pettegolezzo	2250	
4811	shakespeare	2249	?
4812	foro	2248	
4813	repubblicano	2247	
4814	stephanie	2246	?
4815	em	2246	?
4816	piega	2246	
4817	modesto	2246	
4818	etero	2245	?
4819	psicologo	2244	
4820	roulotte	2243	?
4821	p	2243	?
4822	bellissime	2243	?
4823	riscaldamento	2242	
4824	rossetto	2242	
4825	cestino	2241	
4826	muscolare	2240	
4827	azzardare	2240	
4828	samuel	2238	?
4829	grotta	2238	
4830	investigare	2238	
4831	personalità	2237	?
4832	it'	2236	?
4833	matty	2235	?
4834	theo	2235	?
4835	reggie	2235	?
4836	creatore	2235	
4837	veterinario	2235	
4838	visivo	2235	
4839	globale	2234	
4840	vigilare	2234	
4841	orientale	2234	
4842	batman	2233	?
4843	drake	2233	?
4844	interruzione	2233	
4845	sullivan	2232	?
4846	esplorare	2232	
4847	sospirare	2231	
4848	toast	2230	?
4849	bennett	2229	?
4850	secca	2228	
4851	gabe	2228	?
4852	min	2227	?
4853	lenny	2227	?
4854	murray	2227	?
4855	agenda	2226	
4856	condizionare	2226	
4857	mattone	2226	
4858	blog	2225	?
4859	kara	2223	?
4860	jonah	2223	?
4861	installare	2223	
4862	friggere	2221	
4863	gavin	2220	?
4864	cantiere	2220	
4865	incantevole	2219	
4866	occupero	2218	?
4867	google	2218	?
4868	piccolino	2218	
4869	granata	2217	
4870	governativo	2217	
4871	sessione	2216	
4872	accumulare	2216	
4873	sheila	2213	?
4874	conrad	2213	?
4875	precisione	2213	
4876	marcire	2213	
4877	ubriacone	2212	
4878	spontaneo	2212	
4879	dj	2210	?
4880	schianto	2210	
4881	melanie	2209	?
4882	ellis	2209	?
4883	anton	2208	?
4884	central	2208	?
4885	karma	2208	?
4886	affogare	2208	
4887	puttanella	2207	
4888	automobile	2207	
4889	precauzione	2206	
4890	sandwich	2205	?
4891	insignificante	2205	
4892	competenza	2205	
4893	gonfiare	2205	
4894	reynolds	2204	?
4895	inchiesta	2204	
4896	pagliaccio	2204	
4897	sfondare	2204	
4898	affinché	2203	?
4899	simpson	2202	?
4900	miserabile	2202	
4901	juliette	2201	?
4902	philadelphia	2201	?
4903	comprensione	2200	
4904	dexter	2200	?
4905	inviato	2200	
4906	remare	2199	
4907	axl	2198	?
4908	investitore	2198	
4909	gangster	2197	
4910	erin	2197	?
4911	boris	2197	?
4912	orecchino	2197	
4913	masticare	2197	
4914	cipolla	2197	
4915	trafficante	2195	
4916	scadenza	2194	
4917	ostile	2192	
4918	flirtare	2191	
4919	convincente	2190	
4920	brenda	2190	?
4921	terrificare	2190	
4922	promosso	2190	
4923	prosciutto	2189	
4924	distrazione	2189	
4925	recluta	2188	
4926	inaspettato	2188	
4927	filmato	2186	
4928	fata	2185	
4929	stalla	2184	
4930	arruolare	2184	
4931	fusione	2182	
4932	omosessuale	2182	
4933	morris	2181	?
4934	mona	2181	?
4935	postazione	2181	
4936	ivy	2180	?
4937	cathy	2180	?
4938	astronauta	2179	
4939	fibra	2178	
4940	cyrus	2177	?
4941	pierre	2177	?
4942	presentimento	2177	
4943	legalmente	2176	
4944	omicida	2175	?
4945	panchina	2174	
4946	marciapiede	2174	
4947	specialista	2174	
4948	guasto	2174	
4949	june	2173	?
4950	sherlock	2173	?
4951	cagnolino	2173	
4952	vicinanza	2173	
4953	qualificato	2173	
4954	gestione	2172	
4955	piper	2171	?
4956	autografo	2171	
4957	milano	2170	?
4958	farmacia	2169	
4959	hacker	2168	
4960	brutale	2168	
4961	oca	2167	
4962	pompare	2166	
4963	organizzato	2166	
4964	rex	2165	?
4965	riusciro	2165	?
4966	valley	2165	?
4967	malinteso	2165	
4968	reese	2163	?
4969	tana	2163	
4970	caratteristica	2163	
4971	schizzare	2163	
4972	silver	2162	?
4973	carità	2161	?
4974	get	2160	?
4975	lurido	2160	
4976	costituire	2159	
4977	banconota	2158	
4978	down	2157	?
4979	macellaio	2157	
4980	ipocrita	2157	
4981	intercettare	2157	
4982	software	2156	?
4983	hei	2156	?
4984	soddisfazione	2156	
4985	biondo	2155	
4986	houston	2154	?
4987	rilevante	2154	
4988	particella	2152	
4989	donovan	2151	?
4990	georgia	2150	?
4991	cospirazione	2150	
4992	mischiare	2150	
4993	corriere	2149	
4994	dipinto	2149	
4995	divina	2147	
4996	rifornimento	2147	
4997	trent'	2146	?
4998	piccione	2145	
4999	giurato	2145	
5000	pubblicitario	2145	
5001	visuale	2144	
5002	poiche	2144	?
5003	falco	2144	
5004	dixon	2143	?
5005	volto	2143	
5006	sadie	2143	?
5007	intelligence	2141	?
5008	cucchiaio	2141	
5009	ash	2140	?
5010	vescovo	2140	
5011	piccolina	2139	
5012	priorità	2138	?
5013	aiutero	2137	?
5014	clarke	2136	?
5015	esibizione	2136	
5016	you'	2134	?
5017	limousine	2133	?
5018	cardinale	2133	
5019	frigorifero	2133	
5020	reclamare	2133	
5021	svedese	2132	
5022	definizione	2131	
5023	profeta	2131	
5024	precisamente	2129	
5025	carrello	2129	
5026	indicazione	2129	
5027	cheerleader	2128	?
5028	industriale	2128	
5029	bart	2126	?
5030	sapone	2126	
5031	gin	2126	?
5032	svizzera	2126	
5033	coppa	2126	
5034	ciglio	2126	
5035	posa	2125	
5036	chen	2125	?
5037	hugh	2124	?
5038	marca	2124	
5039	ometto	2123	
5040	ripartire	2123	
5041	tracciare	2123	
5042	scozia	2122	?
5043	imboscata	2122	
5044	esclusiva	2122	
5045	arnold	2121	?
5046	valerie	2121	?
5047	buddy	2118	?
5048	ring	2118	?
5049	sorso	2118	
5050	libretto	2117	
5051	telegiornale	2116	
5052	spaghetto	2115	
5053	astuto	2115	
5054	piuma	2115	
5055	agitato	2112	
5056	idraulico	2112	
5057	north	2111	?
5058	candidato	2111	
5059	calendario	2111	
5060	ward	2110	?
5061	cerchero	2110	?
5062	cosiddetto	2110	
5063	attrazione	2107	
5064	fondere	2106	
5065	democratico	2106	
5066	crane	2104	?
5067	ohio	2104	?
5068	irrilevante	2104	
5069	are	2103	?
5070	acconsentire	2102	
5071	disperazione	2101	
5072	raffreddore	2101	
5073	ascia	2101	
5074	lettore	2101	
5075	sedurre	2097	
5076	filosofia	2096	
5077	chang	2095	?
5078	co	2095	?
5079	motivazione	2094	
5080	saldare	2093	
5081	emergere	2093	
5082	aggressore	2091	
5083	palloncino	2091	
5084	invasione	2088	
5085	attualmente	2088	
5086	capezzolo	2088	
5087	cartolina	2088	
5088	calvin	2086	?
5089	hans	2086	?
5090	democrazia	2085	
5091	rifiutato	2085	
5092	moore	2084	?
5093	forbice	2084	
5094	vocale	2084	
5095	innocuo	2084	
5096	sospensione	2083	
5097	carota	2083	
5098	multiplo	2083	
5099	aggrappare	2083	
5100	dossier	2082	?
5101	coreano	2082	
5102	altamente	2081	
5103	y	2080	?
5104	seguente	2080	
5105	improvvisare	2080	
5106	rinfrescare	2080	
5107	burt	2079	?
5108	viziare	2078	
5109	trarre	2078	
5110	mh	2076	?
5111	musical	2076	?
5112	monk	2076	?
5113	corvo	2075	
5114	cemento	2074	
5115	funzionario	2073	
5116	sung	2071	?
5117	bernie	2071	?
5118	strato	2071	
5119	parrucca	2070	
5120	distributore	2070	
5121	yen	2069	?
5122	daphne	2067	?
5123	bandire	2067	
5124	superficiale	2067	
5125	asciugare	2067	
5126	riparlare	2066	
5127	alpha	2065	?
5128	yoon	2065	?
5129	esposizione	2065	
5130	milo	2063	?
5131	delta	2063	?
5132	tequila	2063	?
5133	piattaforma	2061	
5134	chiesto	2061	
5135	dilettante	2061	
5136	ricevimento	2060	
5137	materasso	2060	
5138	magro	2060	
5139	artificiale	2059	
5140	mutuo	2059	
5141	jasper	2058	?
5142	nucleo	2058	
5143	pupazzo	2058	
5144	alfred	2057	?
5145	agnello	2057	
5146	eleanor	2056	?
5147	mindy	2055	?
5148	baracca	2055	
5149	modifica	2055	
5150	pallina	2055	
5151	bernard	2054	?
5152	lampo	2054	
5153	contessa	2053	
5154	corrispondenza	2052	
5155	invenzione	2052	
5156	irene	2050	?
5157	cosciente	2050	
5158	contributo	2050	
5159	pigro	2050	
5160	febbraio	2049	
5161	donnie	2049	?
5162	percentuale	2049	
5163	difensore	2048	
5164	vagabondo	2048	
5165	adesivo	2047	
5166	collegato	2046	
5167	asciutto	2046	
5168	gratitudine	2044	
5169	wolf	2043	?
5170	isabel	2042	?
5171	ji	2041	?
5172	lascera	2041	?
5173	fondazione	2041	
5174	edgar	2039	?
5175	scintilla	2039	
5176	end	2038	?
5177	rispettabile	2038	
5178	vasto	2038	
5179	garrett	2037	?
5180	seta	2036	
5181	decimo	2036	
5182	rusty	2035	?
5183	bordello	2034	
5184	chelsea	2030	?
5185	jun	2029	?
5186	allerta	2029	
5187	israele	2029	?
5188	fuggitivo	2029	
5189	architetto	2028	
5190	scoiattolo	2028	
5191	cancello	2027	
5192	jon	2027	?
5193	superman	2026	?
5194	crociera	2026	
5195	sostituto	2025	
5196	molestare	2024	
5197	finch	2022	?
5198	firmato	2022	
5199	quassu	2021	?
5200	bizzarro	2021	
5201	armatura	2019	
5202	granchio	2019	
5203	high	2018	?
5204	mutandina	2017	
5205	lucere	2017	
5206	know	2017	?
5207	restringere	2017	
5208	ripassare	2017	
5209	can	2015	?
5210	insopportabile	2015	
5211	mercoledì	2014	?
5212	lucidare	2013	
5213	necessariamente	2010	
5214	aggirare	2010	
5215	panna	2009	
5216	country	2008	?
5217	quassù	2008	?
5218	bunker	2008	?
5219	francare	2007	
5220	deputato	2007	
5221	taco	2006	?
5222	caserma	2006	
5223	misero	2006	
5224	dote	2006	
5225	celeste	2005	
5226	this	2004	?
5227	tredici	2004	?
5228	deficiente	2004	
5229	sufficienza	2003	
5230	gray	2003	?
5231	american	2002	?
5232	grandezza	2002	
5233	percy	2001	?
5234	rocky	2001	?
5235	sudore	2000	
5236	bud	2000	?
5237	bancario	2000	
5238	shepherd	1999	?
5239	pancake	1999	?
5240	gelosia	1999	
5241	bestiame	1998	
5242	like	1998	?
5243	marc	1995	?
5244	bè	1995	?
5245	benone	1995	?
5246	broadway	1995	?
5247	brasare	1995	
5248	supereroe	1995	
5249	tendenza	1995	
5250	ricambiare	1995	
5251	abbaiare	1994	
5252	ammissione	1993	
5253	hudson	1992	?
5254	enterprise	1992	?
5255	terapista	1991	
5256	vela	1991	
5257	marilyn	1990	?
5258	banale	1990	
5259	residenza	1989	
5260	premuroso	1989	
5261	meschino	1989	
5262	audace	1988	
5263	urina	1986	
5264	ingrediente	1986	
5265	marvin	1985	?
5266	kirk	1985	?
5267	perquisizione	1984	
5268	divino	1984	
5269	disgraziato	1982	
5270	scottare	1982	
5271	divorare	1981	
5272	or	1980	?
5273	rimarra	1980	?
5274	manzo	1980	
5275	orgasmo	1980	
5276	fica	1978	?
5277	clone	1978	
5278	opposto	1978	
5279	pensero	1976	?
5280	sponsor	1975	
5281	bacon	1975	?
5282	rimesso	1974	
5283	libreria	1974	
5284	seo	1973	?
5285	fragola	1973	
5286	remoto	1973	
5287	arrampicare	1973	
5288	videogioco	1972	
5289	soo	1970	?
5290	vigilia	1970	
5291	keller	1968	?
5292	regolamento	1968	
5293	poveretto	1968	
5294	lupin	1967	?
5295	apparenza	1967	
5296	fottutamente	1966	
5297	disperatamente	1966	
5298	tifare	1965	
5299	sfortunato	1963	
5300	fondatore	1963	
5301	cognato	1962	
5302	terroristico	1962	
5303	bridget	1960	?
5304	discrezione	1960	
5305	genetica	1960	
5306	woody	1959	?
5307	maurice	1959	?
5308	protestare	1959	
5309	matita	1958	
5310	diminuire	1958	
5311	polacco	1957	
5312	ricorrere	1957	
5313	nadia	1955	?
5314	orchestra	1954	
5315	enrico	1954	?
5316	correggere	1954	
5317	lake	1952	?
5318	risonanza	1952	
5319	asino	1952	
5320	lattina	1952	
5321	predatore	1952	
5322	peloso	1952	
5323	telegramma	1951	
5324	senno	1950	
5325	metafora	1950	
5326	amichetto	1950	
5327	aah	1949	?
5328	prua	1948	
5329	porgere	1948	
5330	finanza	1947	
5331	altare	1946	
5332	immaginario	1946	
5333	navetta	1945	
5334	offensivo	1945	
5335	intruso	1945	
5336	umido	1945	
5337	news	1944	?
5338	des	1943	?
5339	dawson	1942	?
5340	esposto	1942	
5341	pan	1941	?
5342	guarigione	1941	
5343	documentario	1941	
5344	spot	1940	?
5345	scotty	1940	?
5346	air	1939	?
5347	fissato	1939	
5348	maligno	1938	
5349	arancione	1937	
5350	spazzare	1937	
5351	kansas	1936	?
5352	moriro	1935	?
5353	impaziente	1935	
5354	combaciare	1934	
5355	fluido	1934	
5356	circolazione	1933	?
5357	barra	1930	
5358	claude	1929	?
5359	caverna	1929	?
5360	damigella	1929	
5361	perseguire	1929	
5362	ognuna	1928	?
5363	simone	1926	?
5364	vinto	1926	
5365	jedi	1925	?
5366	deprimente	1924	
5367	sensitivo	1924	
5368	semestre	1923	
5369	mosso	1923	
5370	stregone	1923	
5371	fiammifero	1923	
5372	traslocare	1923	
5373	ionio	1920	
5374	coltivare	1920	
5375	timore	1919	
5376	dedurre	1919	
5377	agganciare	1919	
5378	jessie	1918	?
5379	cespuglio	1918	
5380	viaggiatore	1918	
5381	bong	1917	?
5382	oriente	1917	
5383	dormitorio	1917	
5384	pelliccia	1917	
5385	resoconto	1917	
5386	gold	1916	?
5387	nicholas	1916	?
5388	valvola	1915	
5389	gomito	1915	
5390	homer	1914	?
5391	infernale	1914	
5392	scarafaggio	1914	
5393	significativo	1914	
5394	sophia	1913	?
5395	canadese	1911	
5396	yankee	1911	
5397	kenneth	1909	?
5398	schiantare	1909	
5399	interruttore	1908	
5400	luis	1907	?
5401	spettatore	1907	
5402	grammo	1907	
5403	rudy	1906	?
5404	glieli	1906	?
5405	what	1906	?
5406	griglia	1906	
5407	capanno	1905	
5408	accoltellare	1905	
5409	shin	1903	?
5410	lacey	1903	?
5411	determinato	1903	
5412	picnic	1902	?
5413	game	1902	
5414	riparazione	1902	
5415	aborto	1901	
5416	saul	1900	?
5417	wall	1900	?
5418	secondario	1900	
5419	acuto	1899	
5420	sollevato	1898	
5421	nsa	1897	?
5422	rito	1897	
5423	implicare	1897	
5424	khan	1894	?
5425	complotto	1894	
5426	sopravvissuta	1893	
5427	ballo	1893	
5428	sdraiato	1893	
5429	conquista	1892	
5430	manovra	1891	
5431	pila	1891	
5432	app	1890	?
5433	abile	1890	
5434	side	1889	?
5435	invito	1889	
5436	raddoppiare	1889	
5437	vivian	1888	?
5438	morfina	1887	?
5439	matricola	1886	
5440	immondizia	1884	
5441	comprensibile	1882	
5442	rodney	1881	?
5443	complicazione	1881	
5444	istruttore	1881	
5445	ottimista	1880	
5446	uccisione	1880	
5447	intromettere	1880	
5448	bonus	1879	?
5449	legna	1879	
5450	ispezione	1879	
5451	operatore	1879	
5452	twitter	1878	?
5453	monitor	1877	?
5454	feccia	1876	
5455	fanciulla	1876	
5456	fort	1875	?
5457	chandler	1875	?
5458	fatale	1875	
5459	infuriare	1875	
5460	audio	1874	?
5461	seminario	1874	
5462	sidney	1873	?
5463	mercedes	1873	?
5464	componente	1872	
5465	compatibile	1872	
5466	appeso	1871	
5467	ironia	1869	
5468	smoking	1869	?
5469	song	1868	?
5470	hugo	1868	?
5471	cocco	1866	
5472	citazione	1866	
5473	clandestino	1866	
5474	diagnosticare	1866	
5475	feria	1865	
5476	affinche	1864	?
5477	freno	1864	
5478	papa'	1864	?
5479	esemplare	1864	
5480	quaranta	1863	?
5481	formica	1863	
5482	secchio	1862	
5483	convinzione	1862	
5484	benda	1862	
5485	bauer	1861	?
5486	frammento	1861	
5487	dimettere	1861	
5488	atomico	1859	
5489	vapore	1858	
5490	nocciolina	1858	
5491	hills	1857	?
5492	addominale	1857	
5493	pope	1856	?
5494	fammelo	1856	?
5495	bum	1856	?
5496	violino	1855	
5497	infiltrare	1855	
5498	perseguitare	1855	
5499	mais	1854	?
5500	ezra	1854	?
5501	truffatore	1854	
5502	fitz	1853	?
5503	strip	1852	?
5504	benessere	1852	
5505	raramente	1852	
5506	life	1850	?
5507	irritante	1848	
5508	ambizioso	1847	
5509	relativo	1847	
5510	sfondo	1846	
5511	disciplina	1844	
5512	frustrare	1844	
5513	alberto	1842	?
5514	fran	1842	?
5515	kathy	1841	?
5516	terrorismo	1841	
5517	dessert	1840	?
5518	tedesca	1840	
5519	cass	1840	?
5520	bacino	1840	
5521	finocchio	1839	
5522	men	1838	?
5523	costantemente	1838	
5524	sonny	1838	?
5525	mandy	1838	?
5526	quarantena	1837	
5527	scheletro	1837	
5528	gi	1836	?
5529	rio	1836	
5530	giudiziario	1835	
5531	just	1833	?
5532	ernia	1833	
5533	nono	1833	
5534	onnipotente	1832	
5535	federazione	1831	
5536	baxter	1831	?
5537	merlino	1829	?
5538	concentrazione	1829	
5539	delfino	1829	
5540	alcolista	1829	
5541	volo	1828	
5542	provincia	1828	
5543	damien	1827	?
5544	glen	1827	?
5545	chan	1827	?
5546	joshua	1826	?
5547	tranquillamente	1826	
5548	sal	1826	?
5549	ahia	1826	?
5550	fontana	1826	
5551	tentazione	1826	
5552	infettare	1826	
5553	dorothy	1825	?
5554	briggs	1825	?
5555	tessera	1825	
5556	bert	1825	?
5557	sacca	1825	
5558	sussurrare	1825	
5559	peyton	1824	?
5560	uragano	1824	
5561	darren	1823	?
5562	minorenne	1823	
5563	shirley	1822	?
5564	profezia	1822	
5565	tiratore	1822	
5566	fornitore	1822	
5567	fanatico	1821	
5568	natalizio	1820	
5569	molestia	1819	
5570	zecca	1818	
5571	disoccupato	1818	
5572	hee	1816	?
5573	jj	1816	?
5574	esercitazione	1816	
5575	organismo	1816	
5576	ballerino	1816	
5577	spargere	1816	
5578	pescatore	1815	
5579	sporcare	1815	
5580	domicilio	1814	
5581	kat	1814	?
5582	segnalazione	1814	
5583	sushi	1813	?
5584	casinò	1813	?
5585	oz	1813	?
5586	vulcano	1813	
5587	reclutare	1813	
5588	apocalisse	1812	
5589	shelly	1812	?
5590	diecimila	1811	?
5591	teppista	1811	
5592	pietro	1810	?
5593	provvista	1810	
5594	pos	1810	?
5595	mandero	1810	?
5596	piombo	1810	
5597	credibile	1810	
5598	strafare	1810	
5599	brendan	1809	?
5600	uva	1809	
5601	curiosità	1809	?
5602	vincente	1808	
5603	bacchetta	1808	
5604	iniettare	1808	
5605	tenebra	1807	
5606	pannello	1807	
5607	price	1806	?
5608	dí	1806	?
5609	ironico	1806	
5610	scenario	1806	
5611	immigrazione	1805	
5612	brandy	1805	?
5613	letteratura	1805	
5614	hart	1805	?
5615	prenotazione	1805	
5616	marcel	1804	?
5617	archivio	1804	
5618	eternità	1803	?
5619	k	1803	?
5620	dialogo	1803	
5621	gialla	1802	
5622	hayley	1802	?
5623	shannon	1801	?
5624	meccanismo	1801	
5625	lamentela	1801	
5626	rafael	1800	?
5627	bond	1800	?
5628	maresciallo	1800	
5629	crack	1800	?
5630	evans	1799	?
5631	dani	1798	?
5632	cynthia	1797	?
5633	stevens	1797	?
5634	pittore	1797	
5635	analista	1797	
5636	personalita	1796	?
5637	aids	1796	?
5638	lori	1795	?
5639	good	1795	?
5640	informatico	1795	
5641	inginocchiare	1795	
5642	water	1794	?
5643	stewart	1794	?
5644	now	1794	?
5645	cera	1793	
5646	serbatoio	1793	
5647	riuscira	1792	?
5648	pullman	1791	?
5649	stronzetto	1791	?
5650	phoenix	1790	?
5651	ormone	1790	
5652	spietato	1789	
5653	trucchetto	1789	
5654	indistinto	1788	
5655	ops	1786	?
5656	christina	1786	?
5657	tondo	1784	
5658	gravemente	1783	
5659	bennet	1783	?
5660	roberts	1782	?
5661	fienile	1782	?
5662	disprezzo	1782	
5663	scenata	1782	
5664	devoto	1782	
5665	thor	1781	?
5666	choi	1781	?
5667	granché	1781	?
5668	tasto	1781	
5669	stupefacente	1781	
5670	innescare	1781	
5671	camille	1779	?
5672	preparazione	1779	
5673	lode	1779	
5674	difetto	1778	
5675	narcotico	1778	
5676	praticare	1778	
5677	fi	1777	?
5678	arizona	1777	?
5679	incriminare	1777	
5680	esibire	1777	
5681	duello	1776	
5682	formale	1775	
5683	granche	1774	?
5684	mannaro	1774	
5685	evoluzione	1773	
5686	mills	1773	?
5687	esther	1773	?
5688	sicario	1772	
5689	seminare	1772	
5690	aspettero	1771	?
5691	perla	1769	?
5692	einstein	1768	?
5693	restera	1768	?
5694	manutenzione	1767	
5695	whiskey	1767	?
5696	farsa	1765	
5697	maggioranza	1765	
5698	mama	1765	?
5699	ignoto	1765	
5700	strambo	1765	
5701	seduta	1764	
5702	ottavo	1763	
5703	alloggio	1762	
5704	dimesso	1762	
5705	ragazzone	1761	
5706	rivoluzionario	1761	
5707	allargare	1759	
5708	arachidi	1758	?
5709	patetica	1758	
5710	sutton	1757	?
5711	facciale	1757	
5712	pentola	1757	
5713	tuono	1757	
5714	gail	1756	?
5715	art	1756	?
5716	kg	1756	?
5717	annuale	1755	
5718	sacerdote	1755	
5719	fattura	1755	
5720	samurai	1754	?
5721	sciarpa	1753	
5722	gattino	1753	
5723	indifeso	1753	
5724	vip	1752	?
5725	alterare	1751	
5726	copiare	1750	
5727	kane	1749	?
5728	pellicola	1749	
5729	sballo	1748	
5730	continente	1748	
5731	stressare	1748	
5732	brien	1747	?
5733	doris	1747	?
5734	misurare	1747	
5735	artificio	1746	
5736	clacson	1746	?
5737	clima	1746	
5738	contemporaneamente	1745	
5739	sgradevole	1745	
5740	suv	1744	?
5741	pepe	1744	
5742	tromba	1744	
5743	inchiostro	1743	
5744	puzzolente	1743	
5745	cruz	1742	?
5746	tantissime	1742	?
5747	previsione	1742	
5748	immischiare	1742	
5749	gorilla	1741	?
5750	barbone	1741	
5751	sonda	1740	
5752	fascia	1740	
5753	reciproco	1740	
5754	accertare	1739	
5755	he	1738	?
5756	rovescio	1738	
5757	oculare	1738	
5758	florrick	1737	?
5759	pensera	1737	?
5760	trish	1737	?
5761	saggia	1737	
5762	officina	1736	
5763	vega	1735	?
5764	agnes	1735	?
5765	correttamente	1735	
5766	novellino	1735	
5767	bullo	1734	
5768	si'	1733	?
5769	gabrielle	1733	?
5770	imminente	1732	
5771	banchetto	1732	
5772	tabulare	1732	
5773	martini	1731	?
5774	collegio	1730	
5775	bush	1728	?
5776	fallito	1728	
5777	confidenza	1727	
5778	nash	1726	?
5779	erezione	1726	
5780	reporter	1725	
5781	penetrare	1724	
5782	nuziale	1723	
5783	dance	1722	?
5784	darcy	1722	?
5785	glorioso	1722	
5786	dong	1721	?
5787	brett	1721	?
5788	vibrazione	1721	
5789	gossip	1720	?
5790	detroit	1719	?
5791	scartoffia	1718	
5792	stacy	1717	?
5793	klingon	1717	?
5794	portland	1716	?
5795	annusare	1716	
5796	italiana	1715	
5797	statistica	1715	
5798	giacere	1715	
5799	riaprire	1715	
5800	fumo	1714	
5801	stupratore	1714	
5802	sporgere	1714	
5803	profondità	1712	?
5804	muffin	1712	?
5805	pratico	1712	
5806	grana	1712	
5807	mazzo	1711	
5808	introdotto	1711	
5809	criticare	1711	
5810	hood	1710	?
5811	account	1710	?
5812	muto	1710	
5813	scozzese	1710	
5814	lealta	1709	?
5815	difettare	1709	
5816	hunt	1709	?
5817	roberto	1708	?
5818	dissanguare	1708	
5819	yogurt	1707	?
5820	verifica	1707	
5821	barile	1707	
5822	jonas	1706	?
5823	imprevedibile	1705	
5824	visibile	1705	
5825	serbo	1704	
5826	tutore	1702	
5827	buffone	1702	
5828	margine	1700	
5829	minuscolo	1699	
5830	tosse	1698	
5831	stu	1698	?
5832	orizzonte	1698	
5833	energetico	1698	
5834	mantello	1697	
5835	intima	1696	
5836	pasqua	1696	?
5837	wheeler	1696	?
5838	recinto	1696	
5839	velo	1696	
5840	specializzare	1696	
5841	sessualmente	1695	
5842	midollo	1695	
5843	sedativo	1695	
5844	pipistrello	1695	
5845	setta	1694	
5846	deviare	1694	
5847	javier	1693	?
5848	eredità	1693	?
5849	anziana	1693	
5850	antidolorifico	1692	
5851	servitore	1689	
5852	egitto	1688	?
5853	feroce	1688	
5854	arrosto	1687	
5855	dignità	1686	?
5856	teschio	1686	
5857	spedito	1686	
5858	reagan	1685	?
5859	tribù	1685	?
5860	lealtà	1684	?
5861	imbroglione	1684	
5862	vitamina	1684	
5863	rich	1683	?
5864	chirurgico	1683	
5865	but	1682	?
5866	passero	1681	?
5867	seung	1681	?
5868	intensivo	1681	
5869	lusingare	1681	
5870	liberamente	1680	
5871	adrenalina	1680	?
5872	roland	1680	?
5873	ty	1680	?
5874	danneggiato	1680	
5875	estendere	1680	
5876	alt	1679	?
5877	laurie	1679	?
5878	culturale	1679	
5879	recensione	1679	
5880	etica	1678	
5881	assente	1678	
5882	scadente	1678	
5883	aragosta	1678	
5884	phillip	1677	?
5885	guscio	1677	
5886	psicologia	1676	
5887	accampamento	1675	
5888	traguardo	1675	
5889	insensibile	1675	
5890	antidoto	1674	
5891	canaglia	1674	
5892	abe	1673	?
5893	polly	1673	?
5894	torace	1673	
5895	isabelle	1672	?
5896	sennò	1672	?
5897	puntuale	1671	
5898	marino	1671	
5899	crystal	1670	?
5900	powell	1670	?
5901	marmellata	1670	
5902	tangere	1670	
5903	tela	1670	
5904	presuntuoso	1670	
5905	bidone	1670	
5906	concepire	1670	
5907	surf	1669	?
5908	spugna	1669	
5909	equivalere	1669	
5910	pneumatico	1668	
5911	cross	1667	?
5912	joyce	1667	?
5913	capolavoro	1667	
5914	capanna	1666	
5915	ospitare	1666	
5916	ms	1663	?
5917	civiltà	1663	?
5918	igienico	1663	
5919	baia	1662	
5920	cassonetto	1662	
5921	divorziato	1662	
5922	gates	1661	?
5923	tanner	1661	?
5924	aggiornato	1661	
5925	diciotto	1660	?
5926	wu	1659	?
5927	bridge	1659	?
5928	first	1659	?
5929	secret	1658	?
5930	z	1658	?
5931	sfilata	1658	
5932	holden	1657	?
5933	separazione	1657	
5934	splendore	1657	
5935	pony	1657	?
5936	incasinato	1657	
5937	cappella	1656	
5938	cristina	1655	?
5939	mascalzone	1654	
5940	aggeggio	1654	
5941	intento	1653	
5942	consistere	1652	
5943	allungare	1652	
5944	cupcake	1651	?
5945	erotico	1651	
5946	vaga	1650	
5947	task	1649	?
5948	torres	1649	?
5949	ciotola	1648	
5950	vano	1648	
5951	crudo	1648	
5952	jefferson	1647	?
5953	sopraffare	1647	
5954	antoine	1646	?
5955	rima	1646	
5956	camino	1645	
5957	aziendale	1644	?
5958	obama	1643	?
5959	lynn	1643	?
5960	fondamento	1643	
5961	selvaggia	1642	
5962	anteriore	1642	
5963	velenoso	1641	
5964	trent	1640	?
5965	scherzetto	1640	
5966	capriccio	1640	
5967	trattativa	1640	
5968	when	1639	?
5969	spike	1638	?
5970	irritare	1638	
5971	evelyn	1637	?
5972	sella	1637	
5973	viscido	1637	
5974	rapinatore	1637	
5975	mescolare	1637	
5976	cliff	1636	?
5977	teatrale	1636	
5978	realistico	1636	
5979	gelare	1636	
5980	selvatico	1635	
5981	stimare	1633	
5982	rum	1631	?
5983	ca	1631	?
5984	zingaro	1631	
5985	rumoroso	1631	
5986	spettro	1630	
5987	pearl	1629	?
5988	bentornata	1629	?
5989	trascorso	1629	
5990	cosetta	1629	
5991	disgustare	1629	
5992	jude	1628	?
5993	municipio	1628	
5994	storiella	1628	
5995	dono	1627	
5996	nah	1627	?
5997	mae	1627	?
5998	rivelazione	1627	
5999	satellitare	1627	
6000	e'i	1625	?
6001	prigioniera	1625	
6002	capira	1625	?
6003	balletto	1625	
6004	ostacolo	1624	
6005	stalker	1624	?
6006	bam	1624	?
6007	et	1624	?
6008	sostenitore	1624	
6009	curvatura	1623	
6010	archie	1623	?
6011	buck	1623	?
6012	joon	1623	?
6013	predica	1623	
6014	dado	1623	
6015	puzzle	1621	?
6016	zoey	1621	?
6017	popcorn	1620	?
6018	jenkins	1619	?
6019	giuseppe	1619	?
6020	accordare	1619	
6021	selezione	1618	
6022	gamma	1617	
6023	solitamente	1617	
6024	fara'	1617	?
6025	protettore	1617	
6026	got	1616	?
6027	patrimonio	1616	
6028	jamal	1616	?
6029	bates	1615	?
6030	messaggero	1615	
6031	rotolare	1615	
6032	pedro	1613	?
6033	brady	1613	?
6034	vicinato	1613	
6035	efficiente	1613	
6036	peccatore	1613	
6037	interferenza	1612	
6038	wally	1610	?
6039	talvolta	1610	?
6040	compenso	1610	
6041	lunghezza	1610	
6042	check	1609	?
6043	incisione	1609	
6044	permesso	1609	
6045	duecento	1607	?
6046	compratore	1607	
6047	trasporto	1606	
6048	borsetta	1606	
6049	uscira	1605	?
6050	pugile	1605	
6051	strappato	1605	
6052	noci	1604	?
6053	crepa	1604	
6054	sondaggio	1604	
6055	scaffale	1604	
6056	atlanta	1603	?
6057	turbato	1603	
6058	disteso	1602	
6059	hayes	1601	?
6060	lanciato	1601	
6061	allacciare	1601	
6062	raffreddare	1601	
6063	spray	1600	?
6064	irlanda	1600	?
6065	intestino	1600	
6066	allegra	1599	
6067	ri	1599	?
6068	opportunita'	1598	?
6069	bollire	1598	
6070	soda	1597	
6071	gideon	1596	?
6072	sperimentare	1596	
6073	dirvelo	1595	?
6074	allievo	1595	
6075	sonia	1594	?
6076	tappare	1594	
6077	pregiudizio	1594	
6078	quattordici	1593	?
6079	rasoio	1593	
6080	pinguino	1593	
6081	mercenario	1593	
6082	streaming	1592	?
6083	janice	1592	?
6084	rinnovare	1592	
6085	bradley	1591	?
6086	moccioso	1591	
6087	fc	1590	?
6088	drive	1590	?
6089	costituzione	1590	
6090	contaminare	1590	
6091	mentore	1589	
6092	gaio	1589	
6093	atrio	1588	
6094	signoria	1588	
6095	confermato	1587	
6096	recare	1587	
6097	oxford	1585	?
6098	poster	1585	?
6099	regolarmente	1585	
6100	back	1584	?
6101	caveau	1584	?
6102	helena	1584	?
6103	marge	1584	?
6104	dre	1584	?
6105	furgoncino	1584	
6106	setacciare	1583	
6107	principalmente	1582	
6108	mettera	1582	?
6109	lorenzo	1582	?
6110	vabbe	1580	?
6111	comunale	1580	
6112	rottame	1580	
6113	associare	1579	
6114	lavandino	1578	
6115	lionel	1578	?
6116	drone	1578	?
6117	buonissimo	1578	?
6118	esecutivo	1578	
6119	precedenza	1577	
6120	deeks	1575	?
6121	corsia	1575	
6122	gelatina	1575	
6123	elsa	1574	?
6124	gardner	1574	?
6125	edwards	1574	?
6126	perlomeno	1573	?
6127	spuntino	1573	
6128	genetico	1573	
6129	checca	1573	
6130	espandere	1573	
6131	napoli	1572	?
6132	lamento	1572	
6133	periferia	1572	
6134	imbarazzare	1572	
6135	eliso	1572	
6136	ingrato	1572	
6137	capodanno	1571	
6138	ordinato	1571	
6139	cagna	1570	
6140	montgomery	1570	?
6141	restero	1570	?
6142	abbigliamento	1569	
6143	simulazione	1568	
6144	squallido	1568	
6145	affascinare	1568	
6146	calpestare	1568	
6147	anticipare	1567	
6148	clive	1566	?
6149	edith	1566	?
6150	ferrari	1566	?
6151	yacht	1565	?
6152	arcobaleno	1565	
6153	frost	1564	?
6154	strizzacervelli	1564	?
6155	maxine	1564	?
6156	coinvolgimento	1564	
6157	marion	1563	?
6158	composto	1562	
6159	corrompere	1562	
6160	navigare	1562	
6161	robinson	1561	?
6162	altrui	1561	?
6163	pisolino	1561	
6164	accurato	1561	
6165	eugene	1560	?
6166	imperiale	1560	
6167	holt	1559	?
6168	filtro	1559	
6169	square	1558	?
6170	malgrado	1558	?
6171	contesto	1558	
6172	manifestazione	1558	
6173	fortezza	1557	
6174	mascherare	1557	
6175	elijah	1556	?
6176	bancarotta	1556	
6177	aidan	1555	?
6178	sembrera	1555	?
6179	cometa	1555	
6180	insegnamento	1555	
6181	oppa	1554	?
6182	bottino	1554	
6183	verita'	1553	?
6184	elaine	1553	?
6185	navicella	1553	
6186	protettivo	1553	
6187	dom	1552	?
6188	proteina	1552	
6189	avido	1552	
6190	fortemente	1551	
6191	essenza	1551	
6192	abbraccio	1551	
6193	diversivo	1551	
6194	sovrano	1551	
6195	timmy	1550	?
6196	patrigno	1550	
6197	darryl	1550	?
6198	robusto	1550	
6199	intitolare	1550	
6200	brusio	1549	
6201	formidabile	1549	
6202	intellettuale	1549	
6203	logico	1548	
6204	evacuazione	1548	
6205	opportuno	1548	
6206	aspirina	1548	
6207	national	1547	?
6208	fesso	1547	
6209	fondare	1547	
6210	miglioramento	1547	
6211	solletico	1546	
6212	farina	1546	
6213	buzz	1546	?
6214	salario	1546	
6215	ombrello	1545	
6216	cancelliere	1544	
6217	way	1544	?
6218	processare	1544	
6219	network	1543	?
6220	orfanotrofio	1541	
6221	balcone	1541	
6222	rango	1541	
6223	cotto	1540	
6224	razionale	1540	
6225	cae'	1539	?
6226	plotone	1539	
6227	nottata	1539	
6228	stoffa	1539	
6229	forchetta	1539	
6230	grembo	1538	
6231	fore'	1538	?
6232	incaricare	1538	
6233	antibiotico	1536	
6234	tonto	1535	
6235	esse	1534	?
6236	accompagnatore	1534	
6237	barbie	1533	?
6238	susie	1533	?
6239	arbitro	1533	
6240	social	1532	?
6241	ridammi	1532	?
6242	bryce	1532	?
6243	sloan	1532	?
6244	pertanto	1532	?
6245	tammy	1532	?
6246	impalare	1532	
6247	adottivo	1532	
6248	carolina	1531	?
6249	identificazione	1530	
6250	scansione	1530	
6251	spogliatoio	1530	
6252	sylvia	1529	?
6253	hughes	1528	?
6254	sino	1527	?
6255	giardiniere	1526	
6256	necessità	1525	?
6257	du	1525	?
6258	liberazione	1525	
6259	inaccettabile	1525	
6260	umiliazione	1525	
6261	concorrenza	1524	
6262	seguace	1524	
6263	decorazione	1524	
6264	incirca	1523	?
6265	callen	1523	?
6266	camper	1523	?
6267	gregory	1523	?
6268	ergastolo	1523	
6269	intraprendere	1523	
6270	ugualmente	1522	
6271	tronco	1522	
6272	onorato	1522	
6273	allergia	1521	
6274	eccone	1520	?
6275	kung	1520	?
6276	dawero	1520	?
6277	tessuto	1520	
6278	approfondire	1520	
6279	pentagono	1519	?
6280	spazzolino	1518	
6281	erik	1516	?
6282	casalinga	1516	
6283	confidenziale	1515	
6284	emotivamente	1514	
6285	master	1514	?
6286	discarica	1514	
6287	nanna	1514	?
6288	recinzione	1514	
6289	matrimoniale	1514	
6290	svelare	1514	
6291	gilbert	1513	?
6292	que	1513	?
6293	gliele	1513	?
6294	baule	1513	
6295	masturbare	1513	
6296	forense	1512	
6297	joo	1511	?
6298	pala	1511	
6299	fiscale	1511	
6300	incantare	1511	
6301	falls	1510	?
6302	ingrid	1510	?
6303	battaglione	1510	
6304	avverare	1510	
6305	lin	1509	?
6306	interpretazione	1509	
6307	wesley	1508	?
6308	maratona	1508	
6309	padrino	1508	
6310	eccesso	1508	
6311	giustiziare	1508	
6312	infestare	1506	
6313	estrazione	1505	
6314	perle	1505	?
6315	luigi	1505	?
6316	spionaggio	1504	
6317	home	1504	?
6318	roll	1504	?
6319	reattore	1502	
6320	favorire	1502	
6321	invidioso	1502	
6322	barbiere	1501	
6323	traghetto	1500	
6324	vivace	1500	
6325	polpetta	1500	
6326	bastoncino	1500	
6327	miliardario	1499	
6328	coincidere	1499	
6329	accendino	1497	
6330	africano	1497	
6331	tabacco	1496	
6332	gu	1496	?
6333	point	1496	?
6334	residente	1496	
6335	decifrare	1496	
6336	madrid	1495	?
6337	yi	1495	?
6338	inciampare	1495	
6339	giorgio	1494	?
6340	mozione	1494	
6341	sequestro	1494	
6342	tic	1493	?
6343	fedina	1493	
6344	gerald	1493	?
6345	inquilino	1493	
6346	portiera	1492	
6347	olandese	1492	
6348	ammiratore	1491	
6349	prescindere	1490	
6350	idiozia	1490	
6351	casetta	1489	
6352	sbronza	1488	
6353	cece	1487	?
6354	obbligatorio	1487	
6355	sapro	1486	?
6356	lieve	1486	
6357	sorgente	1486	
6358	diaz	1485	?
6359	tassista	1485	
6360	veglia	1484	
6361	biliardo	1484	
6362	indipendenza	1484	
6363	discoteca	1484	
6364	odioso	1484	
6365	center	1483	?
6366	definitivamente	1483	
6367	renee	1483	?
6368	inaugurazione	1483	
6369	trama	1483	
6370	tremenda	1482	
6371	tantino	1481	
6372	boxe	1481	?
6373	cho	1481	?
6374	accettabile	1481	
6375	eccovi	1480	?
6376	link	1480	?
6377	straniera	1480	
6378	addison	1479	?
6379	danielle	1479	?
6380	la'	1479	?
6381	rimproverare	1479	
6382	dorsale	1478	
6383	banchiere	1478	
6384	metallico	1478	
6385	abuso	1477	
6386	vassoio	1477	
6387	scampo	1477	
6388	danzare	1477	
6389	scorciatoia	1476	
6390	proiezione	1476	
6391	lampadina	1476	
6392	soffitta	1475	
6393	cesto	1475	
6394	imbattere	1475	
6395	esotico	1475	
6396	ch'	1474	?
6397	triangolo	1474	
6398	vagone	1474	
6399	ricadere	1474	
6400	tossicologico	1472	
6401	scapolo	1472	
6402	tamburare	1472	
6403	sabotare	1472	
6404	ciccio	1471	?
6405	assemblea	1471	
6406	inappropriato	1471	?
6407	bree	1471	?
6408	occupazione	1471	
6409	grafico	1471	
6410	lavorativo	1471	
6411	interiore	1470	
6412	impostore	1470	
6413	monty	1469	?
6414	naruto	1469	?
6415	alito	1469	
6416	tradotto	1469	
6417	borghese	1469	
6418	rivoltare	1469	
6419	dimora	1468	
6420	ghost	1468	?
6421	celebrita	1467	?
6422	affermazione	1467	
6423	devastare	1467	
6424	celia	1466	?
6425	willy	1466	?
6426	cast	1465	?
6427	stagno	1465	
6428	pass	1464	?
6429	marshal	1464	?
6430	cavalleria	1463	
6431	eco	1463	
6432	lontanamente	1462	
6433	bancomat	1461	?
6434	istruire	1460	
6435	cubano	1460	
6436	valeria	1459	?
6437	sciroppo	1459	
6438	monitorare	1459	
6439	riposo	1458	
6440	gravità	1458	?
6441	dorato	1458	
6442	denver	1457	?
6443	puntura	1457	
6444	manuel	1456	?
6445	dominic	1456	?
6446	pochissimo	1455	?
6447	provvedere	1455	
6448	parlamento	1454	
6449	sportello	1454	
6450	ondata	1454	
6451	elfo	1454	
6452	frankenstein	1453	?
6453	suzanne	1452	?
6454	v'	1452	?
6455	tiffany	1452	?
6456	kid	1452	?
6457	cylon	1452	?
6458	mirtillo	1452	
6459	vabbè	1451	?
6460	imprigionare	1451	
6461	vegetariano	1451	
6462	bandito	1450	
6463	culla	1450	
6464	comprensivo	1450	
6465	maura	1449	?
6466	boccone	1449	
6467	sabrina	1448	?
6468	pegno	1448	
6469	supportare	1448	
6470	teletrasporto	1447	?
6471	canyon	1447	?
6472	vetrina	1447	
6473	accaduto	1447	
6474	sottovoce	1446	?
6475	glee	1446	?
6476	juliet	1445	?
6477	flebo	1444	?
6478	percorrere	1444	
6479	catastrofe	1443	
6480	ammanettare	1443	
6481	bip	1442	?
6482	sganciare	1442	
6483	stamani	1441	?
6484	felpa	1439	
6485	siringa	1439	
6486	confezione	1439	
6487	pulce	1439	
6488	timothy	1438	?
6489	stressante	1438	
6490	indice	1438	
6491	magnus	1437	?
6492	aiden	1437	?
6493	eddai	1436	?
6494	impotente	1436	
6495	perverso	1435	
6496	acquisire	1435	
6497	pezzetto	1435	
6498	baltimora	1434	?
6499	diciassette	1434	?
6500	cruciale	1434	
6501	antincendio	1433	?
6502	battesimo	1433	
6503	residuo	1433	
6504	sconvolgente	1433	
6505	radicale	1433	
6506	cupola	1432	
6507	acustico	1432	
6508	wa	1431	?
6509	panorama	1431	
6510	culi	1431	?
6511	imitare	1430	
6512	ricognizione	1429	
6513	old	1427	?
6514	tanya	1427	?
6515	ingiustizia	1426	
6516	grattare	1426	
6517	tornado	1425	?
6518	container	1425	
6519	knox	1425	?
6520	georgie	1424	?
6521	telecomando	1424	
6522	alexis	1423	?
6523	eternita	1423	?
6524	scoprira	1423	?
6525	tonno	1423	
6526	urgenza	1423	
6527	nasa	1423	?
6528	signorino	1422	
6529	stento	1422	
6530	disarmare	1422	
6531	falsificare	1422	
6532	milady	1421	?
6533	zoccola	1421	
6534	parolaccia	1421	
6535	steroide	1420	
6536	vialetto	1420	
6537	pienamente	1419	
6538	cm	1419	?
6539	lavaggio	1419	
6540	equipaggiamento	1419	
6541	haven	1419	?
6542	colorado	1419	?
6543	bull	1419	?
6544	emotiva	1419	
6545	parlera	1419	?
6546	pozione	1419	
6547	summer	1418	?
6548	at	1418	?
6549	reggimento	1417	
6550	solitaria	1417	
6551	caitlin	1417	?
6552	siero	1417	
6553	meritato	1415	
6554	harriet	1414	?
6555	performance	1414	
6556	gonfia	1414	
6557	venezia	1413	?
6558	mercante	1413	
6559	gotham	1412	?
6560	worf	1412	?
6561	ginger	1411	?
6562	avanguardia	1411	
6563	imitazione	1411	
6564	potter	1410	?
6565	coprifuoco	1409	?
6566	poveraccio	1409	
6567	sgombrare	1409	
6568	bretagna	1408	?
6569	sene'	1407	?
6570	cioccolatino	1407	
6571	aspirare	1406	
6572	richiamo	1405	
6573	lucia	1405	?
6574	rotolo	1405	
6575	grecia	1404	?
6576	dr	1404	?
6577	ave	1404	?
6578	cappuccio	1404	
6579	autostima	1403	?
6580	batterio	1403	
6581	sommare	1403	
6582	eden	1402	?
6583	mara	1401	?
6584	tirocinante	1401	
6585	íl	1400	?
6586	bilancio	1400	
6587	tovagliolo	1400	
6588	irrisolto	1400	
6589	cinematografico	1400	
6590	strike	1399	?
6591	motto	1398	
6592	biologia	1398	
6593	brooks	1398	?
6594	finanziaria	1398	
6595	dintorno	1398	
6596	plasma	1398	
6597	trasformazione	1397	
6598	pancetta	1396	
6599	magra	1396	
6600	giu'	1396	?
6601	prototipo	1396	
6602	silas	1395	?
6603	registratore	1395	
6604	danese	1395	
6605	assegnato	1395	
6606	robaccia	1394	
6607	porzione	1394	
6608	elettricità	1393	?
6609	schiava	1393	
6610	udibile	1393	
6611	principiante	1393	
6612	bourbon	1392	?
6613	faro'	1392	?
6614	equazione	1392	
6615	hodgins	1391	?
6616	intervallo	1391	
6617	ammalato	1391	
6618	jacques	1390	?
6619	ictus	1390	?
6620	if	1390	?
6621	radiografia	1390	
6622	rico	1389	?
6623	assalire	1389	
6624	margot	1388	?
6625	bruto	1388	
6626	affettuoso	1388	
6627	realta'	1387	?
6628	senatrice	1387	
6629	youtube	1387	?
6630	macchinario	1387	
6631	nico	1386	?
6632	sentira	1386	?
6633	paralizzare	1386	
6634	pesare	1386	
6635	paragonare	1386	
6636	pittura	1385	
6637	iran	1385	?
6638	dirigente	1385	
6639	scarlett	1385	?
6640	nomina	1385	
6641	nam	1384	?
6642	sottoporre	1384	
6643	collaboratore	1384	
6644	imprenditore	1383	
6645	svezia	1382	?
6646	giovinezza	1382	
6647	pubblicamente	1382	
6648	irresponsabile	1382	
6649	jesus	1381	?
6650	labirinto	1381	
6651	cap	1381	?
6652	inseguimento	1381	
6653	salmone	1381	
6654	ambientale	1381	
6655	fascista	1381	
6656	confiscare	1381	
6657	limonata	1380	
6658	budino	1380	
6659	quentin	1379	?
6660	giurisdizione	1379	
6661	pasquale	1379	
6662	detonatore	1379	
6663	carogna	1379	
6664	invertire	1379	
6665	ta	1378	?
6666	ingrassare	1378	
6667	profondita	1377	?
6668	courtney	1377	?
6669	intuizione	1377	
6670	gambero	1377	
6671	avvistare	1377	
6672	disfare	1377	
6673	jose	1376	?
6674	curiosita	1376	?
6675	suocero	1376	
6676	nativo	1376	
6677	facoltà	1375	?
6678	jeannie	1375	?
6679	recitazione	1375	
6680	quadrare	1375	
6681	assicurativo	1375	
6682	kai	1374	?
6683	lucky	1374	?
6684	an	1374	?
6685	navale	1374	
6686	minatore	1374	
6687	profumare	1374	
6688	ollie	1373	?
6689	horror	1373	?
6690	convento	1372	
6691	carly	1372	?
6692	chiarezza	1372	?
6693	reddito	1372	
6694	deacon	1371	?
6695	milionario	1370	
6696	wo	1369	?
6697	gatta	1369	
6698	semaforo	1369	
6699	dinozzo	1368	?
6700	hyun	1368	?
6701	peterson	1368	?
6702	discesa	1368	
6703	esigere	1368	
6704	centimetrare	1367	
6705	reception	1367	?
6706	barretta	1367	
6707	strisce	1366	?
6708	simmons	1366	?
6709	puntino	1366	
6710	allevare	1366	
6711	nostalgia	1365	
6712	piaga	1365	
6713	francine	1364	?
6714	camice	1364	
6715	conciare	1364	
6716	francesca	1363	?
6717	box	1363	?
6718	utero	1363	
6719	guidatore	1363	
6720	camerino	1363	
6721	lucido	1363	
6722	posizionare	1363	
6723	frugare	1362	
6724	nikita	1361	?
6725	cyril	1361	?
6726	sballare	1361	
6727	artu	1360	?
6728	goku	1359	?
6729	facolta	1359	?
6730	candy	1359	?
6731	paghero	1359	?
6732	rendera	1359	?
6733	lavatrice	1359	
6734	denny	1358	?
6735	mack	1358	?
6736	contrabbando	1358	
6737	venticinque	1357	?
6738	eccole	1356	?
6739	assai	1356	?
6740	triplo	1356	
6741	ergere	1356	
6742	alaska	1355	?
6743	meyer	1355	?
6744	daccordo	1355	?
6745	testicolo	1355	
6746	iscrizione	1355	
6747	mimo	1354	
6748	troll	1352	?
6749	resistito	1352	?
6750	coinquilina	1352	?
6751	manchester	1351	?
6752	gibson	1351	?
6753	crawford	1351	?
6754	dopodomani	1351	?
6755	starmene	1351	?
6756	disperdere	1350	
6757	vendicatore	1350	
6758	amoroso	1350	
6759	documentazione	1349	
6760	diga	1349	
6761	olimpiade	1348	
6762	addome	1348	?
6763	pappagallo	1348	
6764	detenzione	1347	
6765	karate	1347	?
6766	terminale	1347	
6767	utente	1346	
6768	enigma	1345	
6769	sherman	1344	?
6770	vernon	1344	?
6771	kev	1344	?
6772	incominciare	1344	
6773	maureen	1343	?
6774	favorevole	1343	
6775	burns	1342	?
6776	rufus	1342	?
6777	pazzoide	1342	
6778	sbarcare	1342	
6779	spruzzare	1342	
6780	gretchen	1341	?
6781	hulk	1341	?
6782	izzie	1340	?
6783	microonde	1340	?
6784	cuffia	1340	
6785	sfacciato	1340	
6786	contagiare	1340	
6787	michigan	1339	?
6788	celibato	1339	
6789	avvicinamento	1339	
6790	julio	1339	?
6791	promuovere	1339	
6792	riccardo	1338	?
6793	empire	1338	
6794	bryan	1338	?
6795	maggiordomo	1337	
6796	culetto	1337	
6797	louie	1336	?
6798	bon	1336	?
6799	yuri	1335	?
6800	usero	1335	?
6801	pc	1335	?
6802	adeguato	1334	
6803	stallone	1333	
6804	addire	1333	
6805	pattinare	1333	
6806	venere	1332	
6807	rogers	1332	?
6808	pinza	1332	
6809	scheggia	1331	
6810	dircelo	1330	?
6811	pennsylvania	1330	?
6812	problematico	1330	
6813	tatto	1329	
6814	cuoca	1329	
6815	nigel	1329	?
6816	celebrità	1328	?
6817	judith	1328	?
6818	transazione	1328	
6819	modus	1327	?
6820	les	1327	?
6821	trionfo	1327	
6822	paesaggio	1327	
6823	materno	1327	
6824	girls	1326	?
6825	pedofilo	1326	
6826	kappa	1325	?
6827	guardaroba	1325	?
6828	rayna	1325	?
6829	ronald	1325	?
6830	ripristinare	1325	
6831	osceno	1325	
6832	oggigiorno	1324	?
6833	meteorite	1324	
6834	sensato	1324	
6835	maledettamente	1323	
6836	televisore	1323	
6837	barbaro	1323	
6838	regionale	1323	
6839	altoparlante	1322	
6840	coccodrillo	1322	
6841	lastra	1322	
6842	massiccio	1322	
6843	perfavore	1321	?
6844	metal	1321	?
6845	mariano	1321	
6846	gravitare	1320	
6847	mah	1320	?
6848	sparisce	1320	?
6849	congedo	1320	
6850	appiccicoso	1319	
6851	garza	1318	
6852	misto	1318	
6853	scartare	1318	
6854	ordinanza	1317	
6855	anita	1317	?
6856	perdero	1317	?
6857	am	1316	?
6858	armonia	1316	
6859	classifica	1316	
6860	vicky	1315	?
6861	group	1315	?
6862	acquirente	1315	
6863	escluso	1315	
6864	buster	1314	?
6865	cheryl	1314	?
6866	dammene	1313	?
6867	distribuzione	1313	
6868	er	1313	?
6869	fattorino	1313	
6870	australiano	1313	
6871	buffet	1312	?
6872	duemila	1312	?
6873	mulo	1312	
6874	mattutino	1312	
6875	seccare	1312	
6876	rivelato	1311	
6877	jeep	1310	?
6878	bank	1310	?
6879	nicola	1310	?
6880	sottoterra	1310	?
6881	macello	1310	
6882	aeroplano	1310	
6883	deporre	1310	
6884	daniels	1309	?
6885	giacomo	1309	?
6886	cerotto	1309	
6887	ingegneria	1308	
6888	serra	1308	
6889	balistico	1308	
6890	operandi	1307	?
6891	droni	1307	?
6892	eventuale	1307	
6893	accecare	1307	
6894	decorare	1306	
6895	troupe	1305	
6896	cotone	1305	
6897	grandissimo	1305	?
6898	cassandra	1305	?
6899	rabbino	1305	
6900	piramide	1305	
6901	hetty	1304	?
6902	paulie	1304	?
6903	gufo	1304	
6904	snack	1303	?
6905	golden	1303	?
6906	rame	1303	
6907	berretto	1303	
6908	prescelto	1303	
6909	radioattivo	1303	
6910	manchera	1302	?
6911	beatrice	1302	?
6912	soglia	1302	
6913	sanchez	1302	?
6914	sync	1302	?
6915	distratto	1302	
6916	equo	1302	
6917	firenze	1301	?
6918	brent	1301	?
6919	effrazione	1301	
6920	prevedibile	1301	
6921	fato	1300	
6922	misericordia	1300	
6923	aglio	1300	?
6924	trascurare	1300	
6925	ga	1299	?
6926	vaughn	1299	?
6927	ahh	1299	?
6928	ignorante	1298	
6929	patricia	1298	?
6930	riessere	1298	
6931	marketing	1298	?
6932	mascella	1298	
6933	asteroide	1298	
6934	dinosauri	1297	?
6935	katrina	1297	?
6936	rinviare	1297	
6937	frances	1296	?
6938	petra	1296	?
6939	roosevelt	1296	?
6940	commosso	1296	
6941	carbonio	1295	
6942	prudenza	1295	
6943	prevenire	1295	
6944	universale	1294	
6945	lobo	1294	
6946	gancio	1294	
6947	alunno	1294	
6948	alleare	1292	
6949	commissariato	1291	
6950	polizza	1291	
6951	forzato	1291	
6952	intrufolare	1291	
6953	volantino	1290	
6954	alfredo	1290	?
6955	emendamento	1290	
6956	giulietta	1290	?
6957	elettore	1290	
6958	console	1289	
6959	giovanile	1289	
6960	ostrica	1289	
6961	identica	1288	
6962	accidentalmente	1288	
6963	sovietica	1288	
6964	giove	1287	?
6965	fax	1287	?
6966	traiettoria	1287	
6967	durera	1286	?
6968	preston	1286	?
6969	annientare	1286	
6970	montaggio	1285	
6971	mastro	1285	
6972	cinico	1285	
6973	contagioso	1285	
6974	aurora	1284	
6975	investigativo	1284	
6976	intuito	1283	
6977	sottolineare	1283	
6978	dotato	1282	
6979	inventario	1281	
6980	avra'	1281	?
6981	flora	1280	
6982	royal	1280	?
6983	presidenza	1280	
6984	henderson	1280	?
6985	dalton	1278	?
6986	regime	1278	
6987	avvoltoio	1278	
6988	stirare	1278	
6989	giuda	1277	?
6990	giulia	1277	?
6991	parziale	1277	
6992	consulenza	1277	
6993	raccomandazione	1277	
6994	ricercato	1277	
6995	intervistare	1277	
6996	rush	1276	?
6997	marchese	1276	
6998	finanziamento	1276	
6999	rispose	1275	?
7000	piú	1275	?
